042-LVNS-G09-1-1,042-LVNS-G09-1-2
042-LVNS-G09-1-1,042-LVNS-G09-1-3
042-LVNS-G09-1-1,042-LVIN-G09-1-2
042-LVNS-G09-1-1,042-LVIN-G09-1-1
042-LVNS-G09-1-1,042-LVCN-G09-1-1
042-LVNS-G09-1-1,042-LVCN-G09-1-2
042-LVNS-G09-1-1,042-LVCN-G09-1-3
042-LVNS-G09-1-1,042-MNKU-G09-1-1
042-LVNS-G09-1-1,042-SHNN-G09-1-2
042-LVNS-G09-1-1,042-SHNN-G09-1-3
042-LVNS-G09-1-1,042-FXTN-G09-1-2
042-LVNS-G09-1-2,042-LVNS-G09-1-1
042-LVNS-G09-1-2,042-LVNS-G09-1-3
042-LVNS-G09-1-2,042-LVCN-G09-1-3
042-LVNS-G09-1-2,042-LVCN-G09-1-2
042-LVNS-G09-1-2,042-LVCN-G09-1-1
042-LVNS-G09-1-2,042-MNKU-G09-1-1
042-LVNS-G09-1-2,042-MNKU-G09-1-3
042-LVNS-G09-1-2,042-MNKU-G09-1-2
042-LVNS-G09-1-2,043-OTKT-G09-1-1
042-LVNS-G09-1-2,042-LVIN-G09-1-2
042-LVNS-G09-1-2,042-LVIN-G09-1-1
042-LVNS-G09-1-2,042-SHNN-G09-1-2
042-LVNS-G09-1-2,042-FXTN-G09-1-2
042-LVNS-G09-1-3,042-LVNS-G09-1-2
042-LVNS-G09-1-3,042-LVNS-G09-1-1
042-LVNS-G09-1-3,042-LVCN-G09-1-3
042-LVNS-G09-1-3,042-LVCN-G09-1-2
042-LVNS-G09-1-3,042-LVCN-G09-1-1
042-LVNS-G09-1-3,042-LVIN-G09-1-2
042-LVNS-G09-1-3,042-LVIN-G09-1-1
042-LVNS-G09-1-3,042-SHNN-G09-1-2
042-LVNS-G09-1-3,042-SHNN-G09-1-3
042-LVNS-G09-1-3,042-MNKU-G09-1-1
042-LVNS-G09-1-3,042-MNKU-G09-1-3
042-LVNS-G09-1-3,043-OTKT-G09-1-1
042-LVNS-G09-1-3,042-FXTN-G09-1-2
042-LVNS-G09-1-3,042-FXTN-G09-1-3
042-LVNS-G09-1-3,042-TKMU-G09-1-2
042-LVNS-G09-1-2,042-LVNS-G09-1-1
042-LVNS-G09-1-3,042-LVNS-G09-1-1
042-LVIN-G09-1-2,042-LVNS-G09-1-1
042-LVIN-G09-1-1,042-LVNS-G09-1-1
042-LVCN-G09-1-1,042-LVNS-G09-1-1
042-LVCN-G09-1-2,042-LVNS-G09-1-1
042-LVCN-G09-1-3,042-LVNS-G09-1-1
042-MNKU-G09-1-1,042-LVNS-G09-1-1
042-SHNN-G09-1-2,042-LVNS-G09-1-1
042-SHNN-G09-1-3,042-LVNS-G09-1-1
042-FXTN-G09-1-2,042-LVNS-G09-1-1
042-LVNS-G09-1-1,042-LVNS-G09-1-2
042-LVNS-G09-1-3,042-LVNS-G09-1-2
042-LVCN-G09-1-3,042-LVNS-G09-1-2
042-LVCN-G09-1-2,042-LVNS-G09-1-2
042-LVCN-G09-1-1,042-LVNS-G09-1-2
042-MNKU-G09-1-1,042-LVNS-G09-1-2
042-MNKU-G09-1-3,042-LVNS-G09-1-2
042-MNKU-G09-1-2,042-LVNS-G09-1-2
043-OTKT-G09-1-1,042-LVNS-G09-1-2
042-LVIN-G09-1-2,042-LVNS-G09-1-2
042-LVIN-G09-1-1,042-LVNS-G09-1-2
042-SHNN-G09-1-2,042-LVNS-G09-1-2
042-FXTN-G09-1-2,042-LVNS-G09-1-2
042-LVNS-G09-1-2,042-LVNS-G09-1-3
042-LVNS-G09-1-1,042-LVNS-G09-1-3
042-LVCN-G09-1-3,042-LVNS-G09-1-3
042-LVCN-G09-1-2,042-LVNS-G09-1-3
042-LVCN-G09-1-1,042-LVNS-G09-1-3
042-LVIN-G09-1-2,042-LVNS-G09-1-3
042-LVIN-G09-1-1,042-LVNS-G09-1-3
042-SHNN-G09-1-2,042-LVNS-G09-1-3
042-SHNN-G09-1-3,042-LVNS-G09-1-3
042-MNKU-G09-1-1,042-LVNS-G09-1-3
042-MNKU-G09-1-3,042-LVNS-G09-1-3
043-OTKT-G09-1-1,042-LVNS-G09-1-3
042-FXTN-G09-1-2,042-LVNS-G09-1-3
042-FXTN-G09-1-3,042-LVNS-G09-1-3
042-TKMU-G09-1-2,042-LVNS-G09-1-3
042-LVNS-G09-1-1,042-LVNS-G09-1-1
042-LVNS-G09-1-2,042-LVNS-G09-1-2
042-LVNS-G09-1-3,042-LVNS-G09-1-3
