039-FLDC-G09-1-3,039-FLDG-G09-1-1
039-FLDG-G09-1-1,039-FLDC-G09-1-3
039-FLDC-G09-1-3,039-FLDG-G09-1-2
039-FLDG-G09-1-2,039-FLDC-G09-1-3
039-FLDC-G09-1-3,039-FLDG-G09-1-3
039-FLDG-G09-1-3,039-FLDC-G09-1-3
039-FLDC-G09-1-3,039-FLDC-G09-1-2
039-FLDC-G09-1-2,039-FLDC-G09-1-3
039-FLDC-G09-1-3,039-FLDC-G09-1-1
039-FLDC-G09-1-1,039-FLDC-G09-1-3
039-FLDC-G09-1-3,039-AWHI-G09-1-3
039-AWHI-G09-1-3,039-FLDC-G09-1-3
039-FLDC-G09-1-3,039-AWHI-G09-1-1
039-AWHI-G09-1-1,039-FLDC-G09-1-3
039-FLDC-G09-1-3,041-WRTE-G09-1-3
041-WRTE-G09-1-3,039-FLDC-G09-1-3
039-FLDC-G09-1-3,040-PMNA-G09-1-1
040-PMNA-G09-1-1,039-FLDC-G09-1-3
039-FLDC-G09-1-3,040-MLSN-G09-1-1
040-MLSN-G09-1-1,039-FLDC-G09-1-3
039-FLDC-G09-1-3,040-CNPK-G09-1-1
040-CNPK-G09-1-1,039-FLDC-G09-1-3
039-FLDC-G09-1-3,040-CLVE-G09-1-1
040-CLVE-G09-1-1,039-FLDC-G09-1-3
039-FLDC-G09-1-3,039-FLDC-G09-1-3
039-FLDG-G09-1-1,039-FLDC-G09-1-3
039-FLDG-G09-1-2,039-FLDC-G09-1-3
039-FLDG-G09-1-3,039-FLDC-G09-1-3
039-FLDC-G09-1-2,039-FLDC-G09-1-2
039-FLDC-G09-1-1,039-FLDC-G09-1-1
039-FLDC-G09-1-3,039-AWHI-G09-1-3
039-AWHI-G09-1-3,039-FLDC-G09-1-3
039-FLDC-G09-1-3,039-AWHI-G09-1-1
039-AWHI-G09-1-1,039-FLDC-G09-1-3
039-FLDC-G09-1-3,041-WRTE-G09-1-3
041-WRTE-G09-1-3,039-FLDC-G09-1-3
039-FLDC-G09-1-3,040-PMNA-G09-1-1
040-PMNA-G09-1-1,039-FLDC-G09-1-3
039-FLDC-G09-1-3,040-MLSN-G09-1-1
040-MLSN-G09-1-1,039-FLDC-G09-1-3
039-FLDC-G09-1-3,040-CNPK-G09-1-1
040-CNPK-G09-1-1,039-FLDC-G09-1-3
039-FLDC-G09-1-3,040-CLVE-G09-1-1
040-CLVE-G09-1-1,039-FLDC-G09-1-3
039-FLDC-G09-1-2,039-FLDC-G09-1-1
039-FLDC-G09-1-1,039-FLDC-G09-1-2
039-FLDC-G09-1-2,039-FLDG-G09-1-1
039-FLDG-G09-1-1,039-FLDC-G09-1-2
039-FLDC-G09-1-2,039-FLDG-G09-1-3
039-FLDG-G09-1-3,039-FLDC-G09-1-2
039-FLDC-G09-1-2,039-FLDG-G09-1-2
039-FLDG-G09-1-2,039-FLDC-G09-1-2
039-FLDC-G09-1-2,039-AWHI-G09-1-1
039-AWHI-G09-1-1,039-FLDC-G09-1-2
039-FLDC-G09-1-2,039-HIMI-G09-1-1
039-HIMI-G09-1-1,039-FLDC-G09-1-2
039-FLDC-G09-1-2,039-HIMI-G09-1-2
039-HIMI-G09-1-2,039-FLDC-G09-1-2
039-FLDC-G09-1-2,040-LNTN-G09-1-3
040-LNTN-G09-1-3,039-FLDC-G09-1-2
039-FLDC-G09-1-2,040-TKRO-G09-1-1
040-TKRO-G09-1-1,039-FLDC-G09-1-2
039-FLDC-G09-1-2,040-CLVE-G09-1-1
040-CLVE-G09-1-1,039-FLDC-G09-1-2
039-FLDC-G09-1-2,040-CLVE-G09-1-3
040-CLVE-G09-1-3,039-FLDC-G09-1-2
039-FLDC-G09-1-2,040-CNPK-G09-1-1
040-CNPK-G09-1-1,039-FLDC-G09-1-2
039-FLDC-G09-1-2,040-MLSN-G09-1-1
040-MLSN-G09-1-1,039-FLDC-G09-1-2
039-FLDC-G09-1-2,040-PMNA-G09-1-1
040-PMNA-G09-1-1,039-FLDC-G09-1-2
039-FLDC-G09-1-2,039-AWHI-G09-1-3
039-AWHI-G09-1-3,039-FLDC-G09-1-2
039-FLDC-G09-1-2,039-AWHI-G09-1-2
039-AWHI-G09-1-2,039-FLDC-G09-1-2
039-FLDC-G09-1-2,039-BULL-G09-1-1
039-BULL-G09-1-1,039-FLDC-G09-1-2
039-FLDG-G09-1-1,039-FLDC-G09-1-3
039-FLDG-G09-1-2,039-FLDC-G09-1-3
039-FLDG-G09-1-3,039-FLDC-G09-1-3
039-FLDC-G09-1-3,039-AWHI-G09-1-3
039-AWHI-G09-1-3,039-FLDC-G09-1-3
039-FLDC-G09-1-3,039-AWHI-G09-1-1
039-AWHI-G09-1-1,039-FLDC-G09-1-3
039-FLDC-G09-1-3,041-WRTE-G09-1-3
041-WRTE-G09-1-3,039-FLDC-G09-1-3
039-FLDC-G09-1-3,040-PMNA-G09-1-1
040-PMNA-G09-1-1,039-FLDC-G09-1-3
039-FLDC-G09-1-3,040-MLSN-G09-1-1
040-MLSN-G09-1-1,039-FLDC-G09-1-3
039-FLDC-G09-1-3,040-CNPK-G09-1-1
040-CNPK-G09-1-1,039-FLDC-G09-1-3
039-FLDC-G09-1-3,040-CLVE-G09-1-1
040-CLVE-G09-1-1,039-FLDC-G09-1-3
039-FLDG-G09-1-1,039-FLDC-G09-1-2
039-FLDG-G09-1-3,039-FLDC-G09-1-2
039-FLDG-G09-1-2,039-FLDC-G09-1-2
039-FLDC-G09-1-2,039-AWHI-G09-1-1
039-AWHI-G09-1-1,039-FLDC-G09-1-2
039-FLDC-G09-1-2,039-HIMI-G09-1-1
039-HIMI-G09-1-1,039-FLDC-G09-1-2
039-FLDC-G09-1-2,039-HIMI-G09-1-2
039-HIMI-G09-1-2,039-FLDC-G09-1-2
039-FLDC-G09-1-2,040-LNTN-G09-1-3
040-LNTN-G09-1-3,039-FLDC-G09-1-2
039-FLDC-G09-1-2,040-TKRO-G09-1-1
040-TKRO-G09-1-1,039-FLDC-G09-1-2
039-FLDC-G09-1-2,040-CLVE-G09-1-1
040-CLVE-G09-1-1,039-FLDC-G09-1-2
039-FLDC-G09-1-2,040-CLVE-G09-1-3
040-CLVE-G09-1-3,039-FLDC-G09-1-2
039-FLDC-G09-1-2,040-CNPK-G09-1-1
040-CNPK-G09-1-1,039-FLDC-G09-1-2
039-FLDC-G09-1-2,040-MLSN-G09-1-1
040-MLSN-G09-1-1,039-FLDC-G09-1-2
039-FLDC-G09-1-2,040-PMNA-G09-1-1
040-PMNA-G09-1-1,039-FLDC-G09-1-2
039-FLDC-G09-1-2,039-AWHI-G09-1-3
039-AWHI-G09-1-3,039-FLDC-G09-1-2
039-FLDC-G09-1-2,039-AWHI-G09-1-2
039-AWHI-G09-1-2,039-FLDC-G09-1-2
039-FLDC-G09-1-2,039-BULL-G09-1-1
039-BULL-G09-1-1,039-FLDC-G09-1-2
039-FLDC-G09-1-1,039-FLDG-G09-1-1
039-FLDG-G09-1-1,039-FLDC-G09-1-1
039-FLDC-G09-1-1,039-FLDG-G09-1-2
039-FLDG-G09-1-2,039-FLDC-G09-1-1
039-FLDC-G09-1-1,039-FLDG-G09-1-3
039-FLDG-G09-1-3,039-FLDC-G09-1-1
039-FLDC-G09-1-1,039-AWHI-G09-1-1
039-AWHI-G09-1-1,039-FLDC-G09-1-1
039-FLDC-G09-1-1,040-CLVE-G09-1-1
040-CLVE-G09-1-1,039-FLDC-G09-1-1
039-FLDC-G09-1-1,040-CNPK-G09-1-1
040-CNPK-G09-1-1,039-FLDC-G09-1-1
039-FLDC-G09-1-1,040-MLSN-G09-1-1
040-MLSN-G09-1-1,039-FLDC-G09-1-1
039-FLDC-G09-1-1,040-PMNA-G09-1-1
040-PMNA-G09-1-1,039-FLDC-G09-1-1
039-FLDC-G09-1-1,040-KLGV-G09-1-1
040-KLGV-G09-1-1,039-FLDC-G09-1-1
039-FLDC-G09-1-1,040-ASHT-G09-1-3
040-ASHT-G09-1-3,039-FLDC-G09-1-1
039-FLDC-G09-1-1,040-ASHT-G09-1-2
040-ASHT-G09-1-2,039-FLDC-G09-1-1
039-FLDC-G09-1-1,040-ASHT-G09-1-1
040-ASHT-G09-1-1,039-FLDC-G09-1-1
039-FLDC-G09-1-1,041-WRTE-G09-1-3
041-WRTE-G09-1-3,039-FLDC-G09-1-1
039-FLDC-G09-1-1,040-FTZT-G09-1-1
040-FTZT-G09-1-1,039-FLDC-G09-1-1
039-FLDC-G09-1-1,039-HIMI-G09-1-2
039-HIMI-G09-1-2,039-FLDC-G09-1-1
