id,run,Source Carrier,tech,aStatus,AddRmvMod,RelTYPE_name,RelTYPE_name_simple,SOURCE_type,NEIGHBOUR_type,RelTYPE_ADJ,CellType_1,CellType_2,CellType_3,CellType_4,CellType_5,CellType_6,CellType_7,CellType_8,CellType_9,CellType_10,CellType_11,CellType_12,CellType_13,CellType_14,CellType_15,CellType_16,CellType_17,CellType_18,CellType_19,CellType_20,MMLString_First,MMLValueName_First,MMLString_Second,MMLValueName_Second,MMLString_Third,MMLValueName_Third,MMLString_Fourth ,MMLValueName_Fourth,MMLString_Fifth,MMLValueName_Fifth,MMLString_Sixth,MMLValueName_Sixth,MMLString_Seventh,MMLValueName_Seventh,MMLString_Eighth,MMLValueName_Eighth,MMLString_Ninth,MMLValueName_Ninth,MMLString_Tenth,MMLValueName_Tenth,BHO,SIB11Ind ,IdleQoffset1sn_or_Qoffset1sn,IdleQoffset2sn_or_Qrxlevmin,SIB12Ind,HOCovPrio_or_BlindHOPrio,BlindHOQualityCondition,DRDEcN0Threshhold,DrdOrLdrFlag,MBDRFLAG
,1,U21f1,UMTS,CREATE,RMV,UMTS - RMV INTER - U21f1 -> U21f3 - ADJ CELL,RMV INTER - U21f1 -> U21f3,U21-1,U21-3,ADJ CELL,U09-1,U21-1,U09-1 U21-1,U21-1 U21-2,U09-1 U21-1 U21-2,U09-1 U21-2 U21-3,U21-1 U21-2 U21-3,U09-1 U21-1 U21-2 U21-3,U09-1 U21-1 L18-1,U09-1 U21-1 U21-2 L18-1,U09-1 U21-1 U21-2 U21-3 L18-1,,,,,,,,,, UINTERFREQNCELL: RNCId=,RNC_ID,? CellId=,U21f1_CID,? NCellRncId=,nRNC_ID,? NCellId=,nU21f3_CID,;,,{,RNC,},,,,,,,,,,,,,,,,,
,1,U21f1,UMTS,CREATE,RMV,UMTS - RMV INTER - U21f1 -> U21f3 - CO SECTOR,RMV INTER - U21f1 -> U21f3,U21-1,U21-3,CO SECTOR,U09-1,U21-1,U09-1 U21-1,U21-1 U21-2,U09-1 U21-1 U21-2,U09-1 U21-2 U21-3,U21-1 U21-2 U21-3,U09-1 U21-1 U21-2 U21-3,U09-1 U21-1 L18-1,U09-1 U21-1 U21-2 L18-1,U09-1 U21-1 U21-2 U21-3 L18-1,,,,,,,,,, UINTERFREQNCELL: RNCId=,RNC_ID,? CellId=,U21f1_CID,? NCellRncId=,nRNC_ID,? NCellId=,nU21f3_CID,;,,{,RNC,},,,,,,,,,,,,,,,,,
,1,U21f2,UMTS,CREATE,RMV,UMTS - RMV INTER - U21f2 -> U21f1 - ADJ CELL,RMV INTER - U21f2 -> U21f1,U21-2,U21-1,ADJ CELL,,,,,,,,U09-1 U21-1 U21-2 U21-3,,,U09-1 U21-1 U21-2 U21-3 L18-1,,,,,,,,,, UINTERFREQNCELL: RNCId=,RNC_ID,? CellId=,U21f2_CID,? NCellRncId=,nRNC_ID,? NCellId=,nU21f1_CID,;,,{,RNC,},,,,,,,,,,,,,,,,,
,1,U21f2,UMTS,CREATE,RMV,UMTS - RMV INTER - U21f2 -> U21f1 - CO SECTOR,RMV INTER - U21f2 -> U21f1,U21-2,U21-1,CO SECTOR,,,,,,,,U09-1 U21-1 U21-2 U21-3,,,U09-1 U21-1 U21-2 U21-3 L18-1,,,,,,,,,, UINTERFREQNCELL: RNCId=,RNC_ID,? CellId=,U21f2_CID,? NCellRncId=,nRNC_ID,? NCellId=,nU21f1_CID,;,,{,RNC,},,,,,,,,,,,,,,,,,
,1,U21f3,UMTS,CREATE,RMV,UMTS - RMV INTER - U21f3 -> U21f2 - ADJ CELL,RMV INTER - U21f3 -> U21f2,U21-3,U21-2,ADJ CELL,U09-1,U21-1,U09-1 U21-1,U21-1 U21-2,U09-1 U21-1 U21-2,U09-1 U21-2 U21-3,U21-1 U21-2 U21-3,U09-1 U21-1 U21-2 U21-3,U09-1 U21-1 L18-1,U09-1 U21-1 U21-2 L18-1,U09-1 U21-1 U21-2 U21-3 L18-1,,,,,,,,,, UINTERFREQNCELL: RNCId=,RNC_ID,? CellId=,U21f3_CID,? NCellRncId=,nRNC_ID,? NCellId=,nU21f2_CID,;,,{,RNC,},,,,,,,,,,,,,,,,,
,1,U21f3,UMTS,CREATE,RMV,UMTS - RMV INTER - U21f3 -> U21f2 - CO SECTOR,RMV INTER - U21f3 -> U21f2,U21-3,U21-2,CO SECTOR,U09-1,U21-1,U09-1 U21-1,U21-1 U21-2,U09-1 U21-1 U21-2,U09-1 U21-2 U21-3,U21-1 U21-2 U21-3,U09-1 U21-1 U21-2 U21-3,U09-1 U21-1 L18-1,U09-1 U21-1 U21-2 L18-1,U09-1 U21-1 U21-2 U21-3 L18-1,,,,,,,,,, UINTERFREQNCELL: RNCId=,RNC_ID,? CellId=,U21f3_CID,? NCellRncId=,nRNC_ID,? NCellId=,nU21f2_CID,;,,{,RNC,},,,,,,,,,,,,,,,,,
,1,U9,UMTS,CREATE,RMV,UMTS - RMV INTER - U9 -> U21f3 - ADJ CELL,RMV INTER - U9 -> U21f3,U09-1,U21-3,ADJ CELL,U09-1,U21-1,U09-1 U21-1,U21-1 U21-2,U09-1 U21-1 U21-2,U09-1 U21-2 U21-3,U21-1 U21-2 U21-3,U09-1 U21-1 U21-2 U21-3,U09-1 U21-1 L18-1,U09-1 U21-1 U21-2 L18-1,U09-1 U21-1 U21-2 U21-3 L18-1,,,,,,,,,, UINTERFREQNCELL: RNCId=,RNC_ID,? CellId=,U9_CID,? NCellRncId=,nRNC_ID,? NCellId=,nU21f3_CID,;,,{,RNC,},,,,,,,,,,,,,,,,,
,1,U9,UMTS,CREATE,RMV,UMTS - RMV INTER - U9 -> U21f3 - CO SECTOR,RMV INTER - U9 -> U21f3,U09-1,U21-3,CO SECTOR,U09-1,U21-1,U09-1 U21-1,U21-1 U21-2,U09-1 U21-1 U21-2,U09-1 U21-2 U21-3,U21-1 U21-2 U21-3,U09-1 U21-1 U21-2 U21-3,U09-1 U21-1 L18-1,U09-1 U21-1 U21-2 L18-1,U09-1 U21-1 U21-2 U21-3 L18-1,,,,,,,,,, UINTERFREQNCELL: RNCId=,RNC_ID,? CellId=,U9_CID,? NCellRncId=,nRNC_ID,? NCellId=,nU21f3_CID,;,,{,RNC,},,,,,,,,,,,,,,,,,
,1,U21f2,UMTS,CREATE,RMV,UMTS - RMV INTER - U21f2 -> U21f3 - ADJ CELL,RMV INTER - U21f2 -> U21f3,U21-2,U21-3,ADJ CELL,U09-1,U21-1,U09-1 U21-1,U21-1 U21-2,U09-1 U21-1 U21-2,,,,U09-1 U21-1 L18-1,U09-1 U21-1 U21-2 L18-1,,,,,,,,,,, UINTERFREQNCELL: RNCId=,RNC_ID,? CellId=,U21f2_CID,? NCellRncId=,nRNC_ID,? NCellId=,nU21f3_CID,;,,{,RNC,},,,,,,,,,,,,,,,,,
,1,U21f2,UMTS,CREATE,RMV,UMTS - RMV INTER - U21f2 -> U21f3 - CO SECTOR,RMV INTER - U21f2 -> U21f3,U21-2,U21-3,CO SECTOR,U09-1,U21-1,U09-1 U21-1,U21-1 U21-2,U09-1 U21-1 U21-2,,,,U09-1 U21-1 L18-1,U09-1 U21-1 U21-2 L18-1,,,,,,,,,,, UINTERFREQNCELL: RNCId=,RNC_ID,? CellId=,U21f2_CID,? NCellRncId=,nRNC_ID,? NCellId=,nU21f3_CID,;,,{,RNC,},,,,,,,,,,,,,,,,,
,1,U21f1,UMTS,CREATE,ADD,UMTS - INTER - U21f1 -> U21f2 - ADJ CELL,INTER - U21f1 -> U21f2,U21-1,U21-2,ADJ CELL,U09-1,U21-1,U09-1 U21-1,U21-1 U21-2,U09-1 U21-1 U21-2,U09-1 U21-2 U21-3,U21-1 U21-2 U21-3,U09-1 U21-1 U21-2 U21-3,U09-1 U21-1 L18-1,U09-1 U21-1 U21-2 L18-1,U09-1 U21-1 U21-2 U21-3 L18-1,,,,,,,,,, UINTERFREQNCELL: RNCId=,RNC_ID,? CellId=,U21f1_CID,? NCellRncId=,nRNC_ID,? NCellId=,nU21f2_CID,;,,{,RNC,},,,,,,,,,,,,,,,,,
,1,U21f1,UMTS,CREATE,ADD,UMTS - INTER - U21f1 -> U21f2 - CO SECTOR,INTER - U21f1 -> U21f2,U21-1,U21-2,CO SECTOR,U09-1,U21-1,U09-1 U21-1,U21-1 U21-2,U09-1 U21-1 U21-2,U09-1 U21-2 U21-3,U21-1 U21-2 U21-3,U09-1 U21-1 U21-2 U21-3,U09-1 U21-1 L18-1,U09-1 U21-1 U21-2 L18-1,U09-1 U21-1 U21-2 U21-3 L18-1,,,,,,,,,, UINTERFREQNCELL: RNCId=,RNC_ID,? CellId=,U21f1_CID,? NCellRncId=,nRNC_ID,? NCellId=,nU21f2_CID,;,,{,RNC,},,,,,,,,,,,,,,,,,
,1,U21f1,UMTS,IGNORE,ADD,UMTS - INTER - U21f1 -> U21f3 - ADJ CELL,INTER - U21f1 -> U21f3,U21-1,U21-3,ADJ CELL,U09-1,U21-1,U09-1 U21-1,U21-1 U21-2,U09-1 U21-1 U21-2,U09-1 U21-2 U21-3,U21-1 U21-2 U21-3,,U09-1 U21-1 L18-1,U09-1 U21-1 U21-2 L18-1,,,,,,,,,,, UINTERFREQNCELL: RNCId=,RNC_ID,? CellId=,U21f1_CID,? NCellRncId=,nRNC_ID,? NCellId=,nU21f3_CID,;,,{,RNC,},,,,,,,,,,,,,,,,,
,1,U21f1,UMTS,IGNORE,ADD,UMTS - INTER - U21f1 -> U21f3 - CO SECTOR,INTER - U21f1 -> U21f3,U21-1,U21-3,CO SECTOR,U09-1,U21-1,U09-1 U21-1,U21-1 U21-2,U09-1 U21-1 U21-2,U09-1 U21-2 U21-3,U21-1 U21-2 U21-3,,U09-1 U21-1 L18-1,U09-1 U21-1 U21-2 L18-1,,,,,,,,,,, UINTERFREQNCELL: RNCId=,RNC_ID,? CellId=,U21f1_CID,? NCellRncId=,nRNC_ID,? NCellId=,nU21f3_CID,;,,{,RNC,},,,,,,,,,,,,,,,,,
,1,U21f1,UMTS,CREATE,ADD,UMTS - INTER - U21f1 -> U9 - ADJ CELL,INTER - U21f1 -> U9,U21-1,U09-1,ADJ CELL,U09-1,U21-1,U09-1 U21-1,U21-1 U21-2,U09-1 U21-1 U21-2,U09-1 U21-2 U21-3,U21-1 U21-2 U21-3,U09-1 U21-1 U21-2 U21-3,U09-1 U21-1 L18-1,U09-1 U21-1 U21-2 L18-1,U09-1 U21-1 U21-2 U21-3 L18-1,,,,,,,,,, UINTERFREQNCELL: RNCId=,RNC_ID,? CellId=,U21f1_CID,? NCellRncId=,nRNC_ID,? NCellId=,nU9_CID,;,,{,RNC,},,,,,,,,,,,,,,,,,
,1,U21f1,UMTS,CREATE,ADD,UMTS - INTER - U21f1 -> U9 - CO SECTOR,INTER - U21f1 -> U9,U21-1,U09-1,CO SECTOR,U09-1,U21-1,U09-1 U21-1,U21-1 U21-2,U09-1 U21-1 U21-2,U09-1 U21-2 U21-3,U21-1 U21-2 U21-3,U09-1 U21-1 U21-2 U21-3,U09-1 U21-1 L18-1,U09-1 U21-1 U21-2 L18-1,U09-1 U21-1 U21-2 U21-3 L18-1,,,,,,,,,, UINTERFREQNCELL: RNCId=,RNC_ID,? CellId=,U21f1_CID,? NCellRncId=,nRNC_ID,? NCellId=,nU9_CID,;,,{,RNC,},,,,,,,,,,,,,,,,,
,1,U21f1,UMTS,CREATE,ADD,UMTS - INTRA - U21f1 -> U21f1 - ADJ CELL,INTRA - U21f1 -> U21f1,U21-1,U21-1,ADJ CELL,U09-1,U21-1,U09-1 U21-1,U21-1 U21-2,U09-1 U21-1 U21-2,U09-1 U21-2 U21-3,U21-1 U21-2 U21-3,U09-1 U21-1 U21-2 U21-3,U09-1 U21-1 L18-1,U09-1 U21-1 U21-2 L18-1,U09-1 U21-1 U21-2 U21-3 L18-1,,,,,,,,,, UINTRAFREQNCELL: RNCId=,RNC_ID,? CellId=,U21f1_CID,? NCellRncId=,nRNC_ID,? NCellId=,nU21f1_CID,;,,{,RNC,},,,,,,,,,,,,,,,,,
,1,U21f1,UMTS,CREATE,ADD,UMTS - iRat - U21f1 -> G900 - ADJ CELL,iRat - U21f1 -> G900,U21-1,G09-1,ADJ CELL,U09-1,U21-1,U09-1 U21-1,U21-1 U21-2,U09-1 U21-1 U21-2,U09-1 U21-2 U21-3,U21-1 U21-2 U21-3,U09-1 U21-1 U21-2 U21-3,U09-1 U21-1 L18-1,U09-1 U21-1 U21-2 L18-1,U09-1 U21-1 U21-2 U21-3 L18-1,,,,,,,,,, U2GNCELL: RNCId=,RNC_ID,? CellId=,U21f1_CID,? GSMCellIndex=,nG9_CID,;,,,,{,RNC,},,,,,,,,,,,,,,,,,
,1,U21f1,UMTS,CREATE,ADD,UMTS - iRat - U21f1 -> G900 - CO SECTOR,iRat - U21f1 -> G900,U21-1,G09-1,CO SECTOR,U09-1,U21-1,U09-1 U21-1,U21-1 U21-2,U09-1 U21-1 U21-2,U09-1 U21-2 U21-3,U21-1 U21-2 U21-3,U09-1 U21-1 U21-2 U21-3,U09-1 U21-1 L18-1,U09-1 U21-1 U21-2 L18-1,U09-1 U21-1 U21-2 U21-3 L18-1,,,,,,,,,, U2GNCELL: RNCId=,RNC_ID,? CellId=,U21f1_CID,? GSMCellIndex=,nG9_CID,;,,,,{,RNC,},,,,,,,,,,,,,,,,,
,1,U21f2,UMTS,CREATE,ADD,UMTS - INTER - U21f2 -> U21f1 - ADJ CELL,INTER - U21f2 -> U21f1,U21-2,U21-1,ADJ CELL,U09-1,U21-1,U09-1 U21-1,U21-1 U21-2,U09-1 U21-1 U21-2,U09-1 U21-2 U21-3,U21-1 U21-2 U21-3,,U09-1 U21-1 L18-1,U09-1 U21-1 U21-2 L18-1,,,,,,,,,,, UINTERFREQNCELL: RNCId=,RNC_ID,? CellId=,U21f2_CID,? NCellRncId=,nRNC_ID,? NCellId=,nU21f1_CID,;,,{,RNC,},,,,,,,,,,,,,,,,,
,1,U21f2,UMTS,CREATE,ADD,UMTS - INTER - U21f2 -> U21f1 - CO SECTOR,INTER - U21f2 -> U21f1,U21-2,U21-1,CO SECTOR,U09-1,U21-1,U09-1 U21-1,U21-1 U21-2,U09-1 U21-1 U21-2,U09-1 U21-2 U21-3,U21-1 U21-2 U21-3,,U09-1 U21-1 L18-1,U09-1 U21-1 U21-2 L18-1,,,,,,,,,,, UINTERFREQNCELL: RNCId=,RNC_ID,? CellId=,U21f2_CID,? NCellRncId=,nRNC_ID,? NCellId=,nU21f1_CID,;,,{,RNC,},,,,,,,,,,,,,,,,,
,1,U21f2,UMTS,CREATE,ADD,UMTS - INTER - U21f2 -> U21f3 - ADJ CELL,INTER - U21f2 -> U21f3,U21-2,U21-3,ADJ CELL,,,,,,U09-1 U21-2 U21-3,U21-1 U21-2 U21-3,U09-1 U21-1 U21-2 U21-3,,,U09-1 U21-1 U21-2 U21-3 L18-1,,,,,,,,,, UINTERFREQNCELL: RNCId=,RNC_ID,? CellId=,U21f2_CID,? NCellRncId=,nRNC_ID,? NCellId=,nU21f3_CID,;,,{,RNC,},,,,,,,,,,,,,,,,,
,1,U21f2,UMTS,CREATE,ADD,UMTS - INTER - U21f2 -> U21f3 - CO SECTOR,INTER - U21f2 -> U21f3,U21-2,U21-3,CO SECTOR,,,,,,U09-1 U21-2 U21-3,U21-1 U21-2 U21-3,U09-1 U21-1 U21-2 U21-3,,,U09-1 U21-1 U21-2 U21-3 L18-1,,,,,,,,,, UINTERFREQNCELL: RNCId=,RNC_ID,? CellId=,U21f2_CID,? NCellRncId=,nRNC_ID,? NCellId=,nU21f3_CID,;,,{,RNC,},,,,,,,,,,,,,,,,,
,1,U21f2,UMTS,CREATE,ADD,UMTS - INTER - U21f2 -> U9 - ADJ CELL,INTER - U21f2 -> U9,U21-2,U09-1,ADJ CELL,U09-1,U21-1,U09-1 U21-1,U21-1 U21-2,U09-1 U21-1 U21-2,U09-1 U21-2 U21-3,U21-1 U21-2 U21-3,U09-1 U21-1 U21-2 U21-3,U09-1 U21-1 L18-1,U09-1 U21-1 U21-2 L18-1,U09-1 U21-1 U21-2 U21-3 L18-1,,,,,,,,,, UINTERFREQNCELL: RNCId=,RNC_ID,? CellId=,U21f2_CID,? NCellRncId=,nRNC_ID,? NCellId=,nU9_CID,;,,{,RNC,},,,,,,,,,,,,,,,,,
,1,U21f2,UMTS,CREATE,ADD,UMTS - INTER - U21f2 -> U9 - CO SECTOR,INTER - U21f2 -> U9,U21-2,U09-1,CO SECTOR,U09-1,U21-1,U09-1 U21-1,U21-1 U21-2,U09-1 U21-1 U21-2,U09-1 U21-2 U21-3,U21-1 U21-2 U21-3,U09-1 U21-1 U21-2 U21-3,U09-1 U21-1 L18-1,U09-1 U21-1 U21-2 L18-1,U09-1 U21-1 U21-2 U21-3 L18-1,,,,,,,,,, UINTERFREQNCELL: RNCId=,RNC_ID,? CellId=,U21f2_CID,? NCellRncId=,nRNC_ID,? NCellId=,nU9_CID,;,,{,RNC,},,,,,,,,,,,,,,,,,
,1,U21f2,UMTS,CREATE,ADD,UMTS - INTRA - U21f2 -> U21f2 - ADJ CELL,INTRA - U21f2 -> U21f2,U21-2,U21-2,ADJ CELL,U09-1,U21-1,U09-1 U21-1,U21-1 U21-2,U09-1 U21-1 U21-2,U09-1 U21-2 U21-3,U21-1 U21-2 U21-3,U09-1 U21-1 U21-2 U21-3,U09-1 U21-1 L18-1,U09-1 U21-1 U21-2 L18-1,U09-1 U21-1 U21-2 U21-3 L18-1,,,,,,,,,, UINTRAFREQNCELL: RNCId=,RNC_ID,? CellId=,U21f2_CID,? NCellRncId=,nRNC_ID,? NCellId=,nU21f2_CID,;,,{,RNC,},,,,,,,,,,,,,,,,,
,1,U21f2,UMTS,CREATE,ADD,UMTS - iRat - U21f2 -> G900 - ADJ CELL,iRat - U21f2 -> G900,U21-2,G09-1,ADJ CELL,U09-1,U21-1,U09-1 U21-1,U21-1 U21-2,U09-1 U21-1 U21-2,U09-1 U21-2 U21-3,U21-1 U21-2 U21-3,U09-1 U21-1 U21-2 U21-3,U09-1 U21-1 L18-1,U09-1 U21-1 U21-2 L18-1,U09-1 U21-1 U21-2 U21-3 L18-1,,,,,,,,,, U2GNCELL: RNCId=,RNC_ID,? CellId=,U21f2_CID,? GSMCellIndex=,nG9_CID,;,,,,{,RNC,},,,,,,,,,,,,,,,,,
,1,U21f2,UMTS,CREATE,ADD,UMTS - iRat - U21f2 -> G900 - CO SECTOR,iRat - U21f2 -> G900,U21-2,G09-1,CO SECTOR,U09-1,U21-1,U09-1 U21-1,U21-1 U21-2,U09-1 U21-1 U21-2,U09-1 U21-2 U21-3,U21-1 U21-2 U21-3,U09-1 U21-1 U21-2 U21-3,U09-1 U21-1 L18-1,U09-1 U21-1 U21-2 L18-1,U09-1 U21-1 U21-2 U21-3 L18-1,,,,,,,,,, U2GNCELL: RNCId=,RNC_ID,? CellId=,U21f2_CID,? GSMCellIndex=,nG9_CID,;,,,,{,RNC,},,,,,,,,,,,,,,,,,
,1,U21f3,UMTS,CREATE,ADD,UMTS - INTER - U21f3 -> U21f1 - ADJ CELL,INTER - U21f3 -> U21f1,U21-3,U21-1,ADJ CELL,U09-1,U21-1,U09-1 U21-1,U21-1 U21-2,U09-1 U21-1 U21-2,U09-1 U21-2 U21-3,U21-1 U21-2 U21-3,U09-1 U21-1 U21-2 U21-3,U09-1 U21-1 L18-1,U09-1 U21-1 U21-2 L18-1,U09-1 U21-1 U21-2 U21-3 L18-1,,,,,,,,,, UINTERFREQNCELL: RNCId=,RNC_ID,? CellId=,U21f3_CID,? NCellRncId=,nRNC_ID,? NCellId=,nU21f1_CID,;,,{,RNC,},,,,,,,,,,,,,,,,,
,1,U21f3,UMTS,CREATE,ADD,UMTS - INTER - U21f3 -> U21f1 - CO SECTOR,INTER - U21f3 -> U21f1,U21-3,U21-1,CO SECTOR,U09-1,U21-1,U09-1 U21-1,U21-1 U21-2,U09-1 U21-1 U21-2,U09-1 U21-2 U21-3,U21-1 U21-2 U21-3,U09-1 U21-1 U21-2 U21-3,U09-1 U21-1 L18-1,U09-1 U21-1 U21-2 L18-1,U09-1 U21-1 U21-2 U21-3 L18-1,,,,,,,,,, UINTERFREQNCELL: RNCId=,RNC_ID,? CellId=,U21f3_CID,? NCellRncId=,nRNC_ID,? NCellId=,nU21f1_CID,;,,{,RNC,},,,,,,,,,,,,,,,,,
,1,U21f3,UMTS,IGNORE,ADD,UMTS - INTER - U21f3 -> U21f2 - ADJ CELL,INTER - U21f3 -> U21f2,U21-3,U21-2,ADJ CELL,U09-1,U21-1,U09-1 U21-1,U21-1 U21-2,U09-1 U21-1 U21-2,U09-1 U21-2 U21-3,U21-1 U21-2 U21-3,,U09-1 U21-1 L18-1,U09-1 U21-1 U21-2 L18-1,,,,,,,,,,, UINTERFREQNCELL: RNCId=,RNC_ID,? CellId=,U21f3_CID,? NCellRncId=,nRNC_ID,? NCellId=,nU21f2_CID,;,,{,RNC,},,,,,,,,,,,,,,,,,
,1,U21f3,UMTS,IGNORE,ADD,UMTS - INTER - U21f3 -> U21f2 - CO SECTOR,INTER - U21f3 -> U21f2,U21-3,U21-2,CO SECTOR,U09-1,U21-1,U09-1 U21-1,U21-1 U21-2,U09-1 U21-1 U21-2,U09-1 U21-2 U21-3,U21-1 U21-2 U21-3,,U09-1 U21-1 L18-1,U09-1 U21-1 U21-2 L18-1,,,,,,,,,,, UINTERFREQNCELL: RNCId=,RNC_ID,? CellId=,U21f3_CID,? NCellRncId=,nRNC_ID,? NCellId=,nU21f2_CID,;,,{,RNC,},,,,,,,,,,,,,,,,,
,1,U21f3,UMTS,CREATE,ADD,UMTS - INTER - U21f3 -> U9 - ADJ CELL,INTER - U21f3 -> U9,U21-3,U09-1,ADJ CELL,U09-1,U21-1,U09-1 U21-1,U21-1 U21-2,U09-1 U21-1 U21-2,U09-1 U21-2 U21-3,U21-1 U21-2 U21-3,U09-1 U21-1 U21-2 U21-3,U09-1 U21-1 L18-1,U09-1 U21-1 U21-2 L18-1,U09-1 U21-1 U21-2 U21-3 L18-1,,,,,,,,,, UINTERFREQNCELL: RNCId=,RNC_ID,? CellId=,U21f3_CID,? NCellRncId=,nRNC_ID,? NCellId=,nU9_CID,;,,{,RNC,},,,,,,,,,,,,,,,,,
,1,U21f3,UMTS,CREATE,ADD,UMTS - INTER - U21f3 -> U9 - CO SECTOR,INTER - U21f3 -> U9,U21-3,U09-1,CO SECTOR,U09-1,U21-1,U09-1 U21-1,U21-1 U21-2,U09-1 U21-1 U21-2,U09-1 U21-2 U21-3,U21-1 U21-2 U21-3,U09-1 U21-1 U21-2 U21-3,U09-1 U21-1 L18-1,U09-1 U21-1 U21-2 L18-1,U09-1 U21-1 U21-2 U21-3 L18-1,,,,,,,,,, UINTERFREQNCELL: RNCId=,RNC_ID,? CellId=,U21f3_CID,? NCellRncId=,nRNC_ID,? NCellId=,nU9_CID,;,,{,RNC,},,,,,,,,,,,,,,,,,
,1,U21f3,UMTS,CREATE,ADD,UMTS - INTRA - U21f3 -> U21f3 - ADJ CELL,INTRA - U21f3 -> U21f3,U21-3,U21-3,ADJ CELL,U09-1,U21-1,U09-1 U21-1,U21-1 U21-2,U09-1 U21-1 U21-2,U09-1 U21-2 U21-3,U21-1 U21-2 U21-3,U09-1 U21-1 U21-2 U21-3,U09-1 U21-1 L18-1,U09-1 U21-1 U21-2 L18-1,U09-1 U21-1 U21-2 U21-3 L18-1,,,,,,,,,, UINTRAFREQNCELL: RNCId=,RNC_ID,? CellId=,U21f3_CID,? NCellRncId=,nRNC_ID,? NCellId=,nU21f3_CID,;,,{,RNC,},,,,,,,,,,,,,,,,,
,1,U21f3,UMTS,CREATE,ADD,UMTS - iRat - U21f3 -> G900 - ADJ CELL,iRat - U21f3 -> G900,U21-3,G09-1,ADJ CELL,U09-1,U21-1,U09-1 U21-1,U21-1 U21-2,U09-1 U21-1 U21-2,U09-1 U21-2 U21-3,U21-1 U21-2 U21-3,U09-1 U21-1 U21-2 U21-3,U09-1 U21-1 L18-1,U09-1 U21-1 U21-2 L18-1,U09-1 U21-1 U21-2 U21-3 L18-1,,,,,,,,,, U2GNCELL: RNCId=,RNC_ID,? CellId=,U21f3_CID,? GSMCellIndex=,nG9_CID,;,,,,{,RNC,},,,,,,,,,,,,,,,,,
,1,U21f3,UMTS,CREATE,ADD,UMTS - iRat - U21f3 -> G900 - CO SECTOR,iRat - U21f3 -> G900,U21-3,G09-1,CO SECTOR,U09-1,U21-1,U09-1 U21-1,U21-1 U21-2,U09-1 U21-1 U21-2,U09-1 U21-2 U21-3,U21-1 U21-2 U21-3,U09-1 U21-1 U21-2 U21-3,U09-1 U21-1 L18-1,U09-1 U21-1 U21-2 L18-1,U09-1 U21-1 U21-2 U21-3 L18-1,,,,,,,,,, U2GNCELL: RNCId=,RNC_ID,? CellId=,U21f3_CID,? GSMCellIndex=,nG9_CID,;,,,,{,RNC,},,,,,,,,,,,,,,,,,
,1,U9,UMTS,CREATE,ADD,UMTS - INTER - U9 -> U21f1 - ADJ CELL,INTER - U9 -> U21f1,U09-1,U21-1,ADJ CELL,U09-1,U21-1,U09-1 U21-1,U21-1 U21-2,U09-1 U21-1 U21-2,U09-1 U21-2 U21-3,U21-1 U21-2 U21-3,U09-1 U21-1 U21-2 U21-3,U09-1 U21-1 L18-1,U09-1 U21-1 U21-2 L18-1,U09-1 U21-1 U21-2 U21-3 L18-1,,,,,,,,,, UINTERFREQNCELL: RNCId=,RNC_ID,? CellId=,U9_CID,? NCellRncId=,nRNC_ID,? NCellId=,nU21f1_CID,;,,{,RNC,},,,,,,,,,,,,,,,,,
,1,U9,UMTS,CREATE,ADD,UMTS - INTER - U9 -> U21f1 - CO SECTOR,INTER - U9 -> U21f1,U09-1,U21-1,CO SECTOR,U09-1,U21-1,U09-1 U21-1,U21-1 U21-2,U09-1 U21-1 U21-2,U09-1 U21-2 U21-3,U21-1 U21-2 U21-3,U09-1 U21-1 U21-2 U21-3,U09-1 U21-1 L18-1,U09-1 U21-1 U21-2 L18-1,U09-1 U21-1 U21-2 U21-3 L18-1,,,,,,,,,, UINTERFREQNCELL: RNCId=,RNC_ID,? CellId=,U9_CID,? NCellRncId=,nRNC_ID,? NCellId=,nU21f1_CID,;,,{,RNC,},,,,,,,,,,,,,,,,,
,1,U9,UMTS,CREATE,ADD,UMTS - INTER - U9 -> U21f2 - ADJ CELL,INTER - U9 -> U21f2,U09-1,U21-2,ADJ CELL,U09-1,U21-1,U09-1 U21-1,U21-1 U21-2,U09-1 U21-1 U21-2,U09-1 U21-2 U21-3,U21-1 U21-2 U21-3,U09-1 U21-1 U21-2 U21-3,U09-1 U21-1 L18-1,U09-1 U21-1 U21-2 L18-1,U09-1 U21-1 U21-2 U21-3 L18-1,,,,,,,,,, UINTERFREQNCELL: RNCId=,RNC_ID,? CellId=,U9_CID,? NCellRncId=,nRNC_ID,? NCellId=,nU21f2_CID,;,,{,RNC,},,,,,,,,,,,,,,,,,
,1,U9,UMTS,CREATE,ADD,UMTS - INTER - U9 -> U21f2 - CO SECTOR,INTER - U9 -> U21f2,U09-1,U21-2,CO SECTOR,U09-1,U21-1,U09-1 U21-1,U21-1 U21-2,U09-1 U21-1 U21-2,U09-1 U21-2 U21-3,U21-1 U21-2 U21-3,U09-1 U21-1 U21-2 U21-3,U09-1 U21-1 L18-1,U09-1 U21-1 U21-2 L18-1,U09-1 U21-1 U21-2 U21-3 L18-1,,,,,,,,,, UINTERFREQNCELL: RNCId=,RNC_ID,? CellId=,U9_CID,? NCellRncId=,nRNC_ID,? NCellId=,nU21f2_CID,;,,{,RNC,},,,,,,,,,,,,,,,,,
,1,U9,UMTS,IGNORE,ADD,UMTS - INTER - U9 -> U21f3 - ADJ CELL,INTER - U9 -> U21f3,U09-1,U21-3,ADJ CELL,U09-1,U21-1,U09-1 U21-1,U21-1 U21-2,U09-1 U21-1 U21-2,U09-1 U21-2 U21-3,U21-1 U21-2 U21-3,,U09-1 U21-1 L18-1,U09-1 U21-1 U21-2 L18-1,,,,,,,,,,, UINTERFREQNCELL: RNCId=,RNC_ID,? CellId=,U9_CID,? NCellRncId=,nRNC_ID,? NCellId=,nU21f3_CID,;,,{,RNC,},,,,,,,,,,,,,,,,,
,1,U9,UMTS,IGNORE,ADD,UMTS - INTER - U9 -> U21f3 - CO SECTOR,INTER - U9 -> U21f3,U09-1,U21-3,CO SECTOR,U09-1,U21-1,U09-1 U21-1,U21-1 U21-2,U09-1 U21-1 U21-2,U09-1 U21-2 U21-3,U21-1 U21-2 U21-3,,U09-1 U21-1 L18-1,U09-1 U21-1 U21-2 L18-1,,,,,,,,,,, UINTERFREQNCELL: RNCId=,RNC_ID,? CellId=,U9_CID,? NCellRncId=,nRNC_ID,? NCellId=,nU21f3_CID,;,,{,RNC,},,,,,,,,,,,,,,,,,
,1,U9,UMTS,CREATE,ADD,UMTS - INTRA - U9 -> U9 - ADJ CELL,INTRA - U9 -> U9,U09-1,U09-1,ADJ CELL,U09-1,U21-1,U09-1 U21-1,U21-1 U21-2,U09-1 U21-1 U21-2,U09-1 U21-2 U21-3,U21-1 U21-2 U21-3,U09-1 U21-1 U21-2 U21-3,U09-1 U21-1 L18-1,U09-1 U21-1 U21-2 L18-1,U09-1 U21-1 U21-2 U21-3 L18-1,,,,,,,,,, UINTRAFREQNCELL: RNCId=,RNC_ID,? CellId=,U9_CID,? NCellRncId=,nRNC_ID,? NCellId=,nU9_CID,;,,{,RNC,},,,,,,,,,,,,,,,,,
,1,U9,UMTS,CREATE,ADD,UMTS - iRat - U09 -> G900 - ADJ CELL,iRat - U09 -> G900,U09-1,G09-1,ADJ CELL,U09-1,U21-1,U09-1 U21-1,U21-1 U21-2,U09-1 U21-1 U21-2,U09-1 U21-2 U21-3,U21-1 U21-2 U21-3,U09-1 U21-1 U21-2 U21-3,U09-1 U21-1 L18-1,U09-1 U21-1 U21-2 L18-1,U09-1 U21-1 U21-2 U21-3 L18-1,,,,,,,,,, U2GNCELL: RNCId=,RNC_ID,? CellId=,U9_CID,? GSMCellIndex=,nG9_CID,;,,,,{,RNC,},,,,,,,,,,,,,,,,,
,1,U9,UMTS,CREATE,ADD,UMTS - iRat - U09 -> G900 - CO SECTOR,iRat - U09 -> G900,U09-1,G09-1,CO SECTOR,U09-1,U21-1,U09-1 U21-1,U21-1 U21-2,U09-1 U21-1 U21-2,U09-1 U21-2 U21-3,U21-1 U21-2 U21-3,U09-1 U21-1 U21-2 U21-3,U09-1 U21-1 L18-1,U09-1 U21-1 U21-2 L18-1,U09-1 U21-1 U21-2 U21-3 L18-1,,,,,,,,,, U2GNCELL: RNCId=,RNC_ID,? CellId=,U9_CID,? GSMCellIndex=,nG9_CID,;,,,,{,RNC,},,,,,,,,,,,,,,,,,
,1,U21f1,MOD BLIND HO,CREATE,MOD,MOD BLIND HO - INTER - U21f1 -> U21f2 - CO SECTOR,INTER - U21f1 -> U21f2,U21-1,U21-2,CO SECTOR,U09-1,U21-1,U09-1 U21-1,U21-1 U21-2,U09-1 U21-1 U21-2,U09-1 U21-2 U21-3,U21-1 U21-2 U21-3,U09-1 U21-1 U21-2 U21-3,U09-1 U21-1 L18-1,U09-1 U21-1 U21-2 L18-1,U09-1 U21-1 U21-2 U21-3 L18-1,,,,,,,,,, UINTERFREQNCELL: RNCId=,RNC_ID,? CellId=,U21f1_CID,? NCellRncId=,nRNC_ID,? NCellId=,nU21f2_CID,?  CIOOFFSET=0? SIB11Ind=TRUE? IdleQoffset1sn=0? IdleQoffset2sn=0? SIB12Ind=FALSE? HOCovPrio=2? BlindHoFlag=FALSE? DRDEcN0Threshhold=-12? DrdOrLdrFlag=TRUE? MBDRFLAG=FALSE;,,{,RNC,},,,,,,,,FALSE,TRUE,0,0,FALSE,2,,-12,TRUE,FALSE
,1,U21f1,MOD BLIND HO,CREATE,MOD,MOD BLIND HO - INTER - U21f1 -> U21f3 - CO SECTOR,INTER - U21f1 -> U21f3,U21-1,U21-3,CO SECTOR,U09-1,U21-1,U09-1 U21-1,U21-1 U21-2,U09-1 U21-1 U21-2,U09-1 U21-2 U21-3,U21-1 U21-2 U21-3,,U09-1 U21-1 L18-1,U09-1 U21-1 U21-2 L18-1,,,,,,,,,,, UINTERFREQNCELL: RNCId=,RNC_ID,? CellId=,U21f1_CID,? NCellRncId=,nRNC_ID,? NCellId=,nU21f3_CID,?  CIOOFFSET=0? SIB11Ind=TRUE? IdleQoffset1sn=0? IdleQoffset2sn=0? SIB12Ind=FALSE? HOCovPrio=2? BlindHoFlag=FALSE? DRDEcN0Threshhold=-12? DrdOrLdrFlag=TRUE? MBDRFLAG=FALSE;,,{,RNC,},,,,,,,,FALSE,TRUE,0,0,FALSE,2,,-12,TRUE,FALSE
,1,U21f1,MOD BLIND HO,CREATE,MOD,MOD BLIND HO - INTER - U21f1 -> U9 - CO SECTOR,INTER - U21f1 -> U9,U21-1,U09-1,CO SECTOR,U09-1,U21-1,U09-1 U21-1,U21-1 U21-2,U09-1 U21-1 U21-2,U09-1 U21-2 U21-3,U21-1 U21-2 U21-3,U09-1 U21-1 U21-2 U21-3,U09-1 U21-1 L18-1,U09-1 U21-1 U21-2 L18-1,U09-1 U21-1 U21-2 U21-3 L18-1,,,,,,,,,, UINTERFREQNCELL: RNCId=,RNC_ID,? CellId=,U21f1_CID,? NCellRncId=,nRNC_ID,? NCellId=,nU9_CID,?  CIOOFFSET=0? SIB11Ind=TRUE? IdleQoffset1sn=0? IdleQoffset2sn=0? SIB12Ind=FALSE? HOCovPrio=2? BlindHoFlag=FALSE? DRDEcN0Threshhold=-12? DrdOrLdrFlag=TRUE? MBDRFLAG=FALSE;,,{,RNC,},,,,,,,,FALSE,TRUE,0,0,FALSE,2,,-12,TRUE,FALSE
,1,U21f1,MOD BLIND HO,CREATE,MOD,MOD BLIND HO - iRat - U21f1 -> G900 - CO SECTOR,iRat - U21f1 -> G900,U21-1,G09-1,CO SECTOR,U09-1,U21-1,U09-1 U21-1,U21-1 U21-2,U09-1 U21-1 U21-2,U09-1 U21-2 U21-3,U21-1 U21-2 U21-3,U09-1 U21-1 U21-2 U21-3,U09-1 U21-1 L18-1,U09-1 U21-1 U21-2 L18-1,U09-1 U21-1 U21-2 U21-3 L18-1,,,,,,,,,, U2GNCELL: RNCId=,RNC_ID,? CellId=,U21f1_CID,? GSMCellIndex=,nG9_CID,?Qoffset1sn=0?Qrxlevmin=-50? BlindHoFlag=TRUE? BlindHOPrio=0? DRDEcN0Threshhold=-18? SIB11Ind=TRUE? SIB12Ind=FALSE;,,,,{,RNC,},,,,,,,,TRUE,TRUE,0,-50,FALSE,0,-96,-18,TRUE,-
,1,U21f2,MOD BLIND HO,CREATE,MOD,MOD BLIND HO - INTER - U21f2 -> U21f3 - CO SECTOR,INTER - U21f2 -> U21f3,U21-2,U21-3,CO SECTOR,,,,,,U09-1 U21-2 U21-3,U21-1 U21-2 U21-3,U09-1 U21-1 U21-2 U21-3,,,U09-1 U21-1 U21-2 U21-3 L18-1,,,,,,,,,, UINTERFREQNCELL: RNCId=,RNC_ID,? CellId=,U21f2_CID,? NCellRncId=,nRNC_ID,? NCellId=,nU21f3_CID,?  CIOOFFSET=0? SIB11Ind=TRUE? IdleQoffset1sn=0? IdleQoffset2sn=0? SIB12Ind=FALSE? HOCovPrio=2? BlindHoFlag=FALSE? DRDEcN0Threshhold=-12? DrdOrLdrFlag=TRUE? MBDRFLAG=FALSE;,,{,RNC,},,,,,,,,FALSE,TRUE,0,0,FALSE,2,,-12,TRUE,FALSE
,1,U21f2,MOD BLIND HO,CREATE,MOD,MOD BLIND HO - INTER - U21f2 -> U9 - CO SECTOR,INTER - U21f2 -> U9,U21-2,U09-1,CO SECTOR,U09-1,U21-1,U09-1 U21-1,U21-1 U21-2,U09-1 U21-1 U21-2,U09-1 U21-2 U21-3,U21-1 U21-2 U21-3,U09-1 U21-1 U21-2 U21-3,U09-1 U21-1 L18-1,U09-1 U21-1 U21-2 L18-1,U09-1 U21-1 U21-2 U21-3 L18-1,,,,,,,,,, UINTERFREQNCELL: RNCId=,RNC_ID,? CellId=,U21f2_CID,? NCellRncId=,nRNC_ID,? NCellId=,nU9_CID,?  CIOOFFSET=0? SIB11Ind=TRUE? IdleQoffset1sn=0? IdleQoffset2sn=0? SIB12Ind=FALSE? HOCovPrio=2? BlindHoFlag=FALSE? DRDEcN0Threshhold=-12? DrdOrLdrFlag=TRUE? MBDRFLAG=FALSE;,,{,RNC,},,,,,,,,FALSE,TRUE,0,0,FALSE,2,,-12,TRUE,FALSE
,1,U21f2,MOD BLIND HO,CREATE,MOD,MOD BLIND HO - iRat - U21f2 -> G900 - CO SECTOR,iRat - U21f2 -> G900,U21-2,G09-1,CO SECTOR,U09-1,U21-1,U09-1 U21-1,U21-1 U21-2,U09-1 U21-1 U21-2,U09-1 U21-2 U21-3,U21-1 U21-2 U21-3,U09-1 U21-1 U21-2 U21-3,U09-1 U21-1 L18-1,U09-1 U21-1 U21-2 L18-1,U09-1 U21-1 U21-2 U21-3 L18-1,,,,,,,,,, U2GNCELL: RNCId=,RNC_ID,? CellId=,U21f2_CID,? GSMCellIndex=,nG9_CID,?Qoffset1sn=0?Qrxlevmin=-50? BlindHoFlag=TRUE? BlindHOPrio=0? DRDEcN0Threshhold=-18? SIB11Ind=TRUE? SIB12Ind=FALSE;,,,,{,RNC,},,,,,,,,TRUE,TRUE,0,-50,FALSE,0,-96,-18,TRUE,-
,1,U21f2,MOD BLIND HO,CREATE,MOD,MOD BLIND HO - INTER - U21f2 -> U21f1 - CO SECTOR,INTER - U21f2 -> U21f1,U21-2,U21-1,CO SECTOR,U09-1,U21-1,U09-1 U21-1,U21-1 U21-2,U09-1 U21-1 U21-2,U09-1 U21-2 U21-3,U21-1 U21-2 U21-3,,U09-1 U21-1 L18-1,U09-1 U21-1 U21-2 L18-1,,,,,,,,,,, UINTERFREQNCELL: RNCId=,RNC_ID,? CellId=,U21f2_CID,? NCellRncId=,nRNC_ID,? NCellId=,nU21f1_CID,?  CIOOFFSET=0? SIB11Ind=TRUE? IdleQoffset1sn=0? IdleQoffset2sn=0? SIB12Ind=FALSE? HOCovPrio=2? BlindHoFlag=FALSE? DRDEcN0Threshhold=-12? DrdOrLdrFlag=TRUE? MBDRFLAG=FALSE;,,{,RNC,},,,,,,,,FALSE,TRUE,0,0,FALSE,2,,-12,TRUE,FALSE
,1,U21f3,MOD BLIND HO,CREATE,MOD,MOD BLIND HO - INTER - U21f3 -> U9 - CO SECTOR,INTER - U21f3 -> U9,U21-3,U09-1,CO SECTOR,U09-1,U21-1,U09-1 U21-1,U21-1 U21-2,U09-1 U21-1 U21-2,U09-1 U21-2 U21-3,U21-1 U21-2 U21-3,U09-1 U21-1 U21-2 U21-3,U09-1 U21-1 L18-1,U09-1 U21-1 U21-2 L18-1,U09-1 U21-1 U21-2 U21-3 L18-1,,,,,,,,,, UINTERFREQNCELL: RNCId=,RNC_ID,? CellId=,U21f3_CID,? NCellRncId=,nRNC_ID,? NCellId=,nU9_CID,?  CIOOFFSET=0? SIB11Ind=TRUE? IdleQoffset1sn=0? IdleQoffset2sn=0? SIB12Ind=FALSE? HOCovPrio=2? BlindHoFlag=FALSE? DRDEcN0Threshhold=-12? DrdOrLdrFlag=TRUE? MBDRFLAG=FALSE;,,{,RNC,},,,,,,,,FALSE,TRUE,0,0,FALSE,2,,-12,TRUE,FALSE
,1,U21f3,MOD BLIND HO,CREATE,MOD,MOD BLIND HO - iRat - U21f3 -> G900 - CO SECTOR,iRat - U21f3 -> G900,U21-3,G09-1,CO SECTOR,U09-1,U21-1,U09-1 U21-1,U21-1 U21-2,U09-1 U21-1 U21-2,U09-1 U21-2 U21-3,U21-1 U21-2 U21-3,U09-1 U21-1 U21-2 U21-3,U09-1 U21-1 L18-1,U09-1 U21-1 U21-2 L18-1,U09-1 U21-1 U21-2 U21-3 L18-1,,,,,,,,,, U2GNCELL: RNCId=,RNC_ID,? CellId=,U21f3_CID,? GSMCellIndex=,nG9_CID,?Qoffset1sn=0?Qrxlevmin=-50? BlindHoFlag=TRUE? BlindHOPrio=0? DRDEcN0Threshhold=-18? SIB11Ind=TRUE? SIB12Ind=FALSE;,,,,{,RNC,},,,,,,,,TRUE,TRUE,0,-50,FALSE,0,-96,-18,TRUE,-
,1,U21f3,MOD BLIND HO,CREATE,MOD,MOD BLIND HO - INTER - U21f3 -> U21f1 - CO SECTOR,INTER - U21f3 -> U21f1,U21-3,U21-1,CO SECTOR,U09-1,U21-1,U09-1 U21-1,U21-1 U21-2,U09-1 U21-1 U21-2,U09-1 U21-2 U21-3,U21-1 U21-2 U21-3,U09-1 U21-1 U21-2 U21-3,U09-1 U21-1 L18-1,U09-1 U21-1 U21-2 L18-1,U09-1 U21-1 U21-2 U21-3 L18-1,,,,,,,,,, UINTERFREQNCELL: RNCId=,RNC_ID,? CellId=,U21f3_CID,? NCellRncId=,nRNC_ID,? NCellId=,nU21f1_CID,?  CIOOFFSET=0? SIB11Ind=TRUE? IdleQoffset1sn=0? IdleQoffset2sn=0? SIB12Ind=FALSE? HOCovPrio=2? BlindHoFlag=FALSE? DRDEcN0Threshhold=-12? DrdOrLdrFlag=TRUE? MBDRFLAG=FALSE;,,{,RNC,},,,,,,,,FALSE,TRUE,0,0,FALSE,2,,-12,TRUE,FALSE
,1,U21f3,MOD BLIND HO,IGNORE,MOD,MOD BLIND HO - INTER - U21f3 -> U21f2 - CO SECTOR,INTER - U21f3 -> U21f2,U21-3,U21-2,CO SECTOR,U09-1,U21-1,U09-1 U21-1,U21-1 U21-2,U09-1 U21-1 U21-2,U09-1 U21-2 U21-3,U21-1 U21-2 U21-3,,U09-1 U21-1 L18-1,U09-1 U21-1 U21-2 L18-1,,,,,,,,,,, UINTERFREQNCELL: RNCId=,RNC_ID,? CellId=,U21f3_CID,? NCellRncId=,nRNC_ID,? NCellId=,nU21f2_CID,?  CIOOFFSET=0? SIB11Ind=TRUE? IdleQoffset1sn=0? IdleQoffset2sn=0? SIB12Ind=FALSE? HOCovPrio=2? BlindHoFlag=FALSE? DRDEcN0Threshhold=-12? DrdOrLdrFlag=TRUE? MBDRFLAG=FALSE;,,{,RNC,},,,,,,,,FALSE,TRUE,0,0,FALSE,2,,-12,TRUE,FALSE
,1,U9,MOD BLIND HO,CREATE,MOD,MOD BLIND HO - iRat - U09 -> G900 - CO SECTOR,iRat - U09 -> G900,U09-1,G09-1,CO SECTOR,U09-1,U21-1,U09-1 U21-1,U21-1 U21-2,U09-1 U21-1 U21-2,U09-1 U21-2 U21-3,U21-1 U21-2 U21-3,U09-1 U21-1 U21-2 U21-3,U09-1 U21-1 L18-1,U09-1 U21-1 U21-2 L18-1,U09-1 U21-1 U21-2 U21-3 L18-1,,,,,,,,,, U2GNCELL: RNCId=,RNC_ID,? CellId=,U9_CID,? GSMCellIndex=,nG9_CID,?Qoffset1sn=0?Qrxlevmin=-50? BlindHoFlag=TRUE? BlindHOPrio=0? DRDEcN0Threshhold=-18? SIB11Ind=TRUE? SIB12Ind=FALSE;,,,,{,RNC,},,,,,,,,TRUE,TRUE,0,-50,FALSE,0,-96,-18,TRUE,-
,1,U9,MOD BLIND HO,CREATE,MOD,MOD BLIND HO - INTER - U9 -> U21f1 - CO SECTOR,INTER - U9 -> U21f1,U09-1,U21-1,CO SECTOR,U09-1,U21-1,U09-1 U21-1,U21-1 U21-2,U09-1 U21-1 U21-2,U09-1 U21-2 U21-3,U21-1 U21-2 U21-3,U09-1 U21-1 U21-2 U21-3,U09-1 U21-1 L18-1,U09-1 U21-1 U21-2 L18-1,U09-1 U21-1 U21-2 U21-3 L18-1,,,,,,,,,, UINTERFREQNCELL: RNCId=,RNC_ID,? CellId=,U9_CID,? NCellRncId=,nRNC_ID,? NCellId=,nU21f1_CID,?  CIOOFFSET=0? SIB11Ind=TRUE? IdleQoffset1sn=0? IdleQoffset2sn=0? SIB12Ind=FALSE? HOCovPrio=2? BlindHoFlag=FALSE? DRDEcN0Threshhold=-12? DrdOrLdrFlag=TRUE? MBDRFLAG=FALSE;,,{,RNC,},,,,,,,,FALSE,TRUE,0,0,FALSE,2,,-12,TRUE,FALSE
,1,U9,MOD BLIND HO,CREATE,MOD,MOD BLIND HO - INTER - U9 -> U21f2 - CO SECTOR,INTER - U9 -> U21f2,U09-1,U21-2,CO SECTOR,U09-1,U21-1,U09-1 U21-1,U21-1 U21-2,U09-1 U21-1 U21-2,U09-1 U21-2 U21-3,U21-1 U21-2 U21-3,U09-1 U21-1 U21-2 U21-3,U09-1 U21-1 L18-1,U09-1 U21-1 U21-2 L18-1,U09-1 U21-1 U21-2 U21-3 L18-1,,,,,,,,,, UINTERFREQNCELL: RNCId=,RNC_ID,? CellId=,U9_CID,? NCellRncId=,nRNC_ID,? NCellId=,nU21f2_CID,?  CIOOFFSET=0? SIB11Ind=TRUE? IdleQoffset1sn=0? IdleQoffset2sn=0? SIB12Ind=FALSE? HOCovPrio=2? BlindHoFlag=FALSE? DRDEcN0Threshhold=-12? DrdOrLdrFlag=TRUE? MBDRFLAG=FALSE;,,{,RNC,},,,,,,,,FALSE,TRUE,0,0,FALSE,2,,-12,TRUE,FALSE
,1,U9,MOD BLIND HO,CREATE,MOD,MOD BLIND HO - INTER - U9 -> U21f3 - CO SECTOR,INTER - U9 -> U21f3,U09-1,U21-3,CO SECTOR,U09-1,U21-1,U09-1 U21-1,U21-1 U21-2,U09-1 U21-1 U21-2,U09-1 U21-2 U21-3,U21-1 U21-2 U21-3,,U09-1 U21-1 L18-1,U09-1 U21-1 U21-2 L18-1,U09-1 U21-1 U21-2 U21-3 L18-1,,,,,,,,,, UINTERFREQNCELL: RNCId=,RNC_ID,? CellId=,U9_CID,? NCellRncId=,nRNC_ID,? NCellId=,nU21f3_CID,?  CIOOFFSET=0? SIB11Ind=TRUE? IdleQoffset1sn=0? IdleQoffset2sn=0? SIB12Ind=FALSE? HOCovPrio=2? BlindHoFlag=FALSE? DRDEcN0Threshhold=-12? DrdOrLdrFlag=TRUE? MBDRFLAG=FALSE;,,{,RNC,},,,,,,,,FALSE,TRUE,0,0,FALSE,2,,-12,TRUE,FALSE
,1,GSM,GSM,CREATE,RMV,GSM - RMV - G900 -> U21f2 - ADJ CELL,RMV - G900 -> U21f2,G09-1,U21-2,ADJ CELL,U09-1,U21-1,U09-1 U21-1,U21-1 U21-2,U09-1 U21-1 U21-2,U09-1 U21-2 U21-3,U21-1 U21-2 U21-3,U09-1 U21-1 U21-2 U21-3,U09-1 U21-1 L18-1,U09-1 U21-1 U21-2 L18-1,U09-1 U21-1 U21-2 U21-3 L18-1,,,,,,,,,, G3GNCELL: IDTYPE=BYID? SRC3GNCELLID=,G9_Index,? NBR3GNCELLID=,nU21f2_Index,;,,,,,,{,BSC,},,,,,,,,,,,,,,,,,
,1,GSM,GSM,CREATE,RMV,GSM - RMV - G900 -> U21f2 - CO SECTOR,RMV - G900 -> U21f2,G09-1,U21-2,CO SECTOR,U09-1,U21-1,U09-1 U21-1,U21-1 U21-2,U09-1 U21-1 U21-2,U09-1 U21-2 U21-3,U21-1 U21-2 U21-3,U09-1 U21-1 U21-2 U21-3,U09-1 U21-1 L18-1,U09-1 U21-1 U21-2 L18-1,U09-1 U21-1 U21-2 U21-3 L18-1,,,,,,,,,, G3GNCELL: IDTYPE=BYID? SRC3GNCELLID=,G9_Index,? NBR3GNCELLID=,nU21f2_Index,;,,,,,,{,BSC,},,,,,,,,,,,,,,,,,
,1,GSM,GSM,CREATE,RMV,GSM - RMV - G900 -> U21f3 - ADJ CELL,RMV - G900 -> U21f3,G09-1,U21-3,ADJ CELL,U09-1,U21-1,U09-1 U21-1,U21-1 U21-2,U09-1 U21-1 U21-2,U09-1 U21-2 U21-3,U21-1 U21-2 U21-3,U09-1 U21-1 U21-2 U21-3,U09-1 U21-1 L18-1,U09-1 U21-1 U21-2 L18-1,U09-1 U21-1 U21-2 U21-3 L18-1,,,,,,,,,, G3GNCELL: IDTYPE=BYID? SRC3GNCELLID=,G9_Index,? NBR3GNCELLID=,nU21f3_Index,;,,,,,,{,BSC,},,,,,,,,,,,,,,,,,
,1,GSM,GSM,CREATE,RMV,GSM - RMV - G900 -> U21f3 - CO SECTOR,RMV - G900 -> U21f3,G09-1,U21-3,CO SECTOR,U09-1,U21-1,U09-1 U21-1,U21-1 U21-2,U09-1 U21-1 U21-2,U09-1 U21-2 U21-3,U21-1 U21-2 U21-3,U09-1 U21-1 U21-2 U21-3,U09-1 U21-1 L18-1,U09-1 U21-1 U21-2 L18-1,U09-1 U21-1 U21-2 U21-3 L18-1,,,,,,,,,, G3GNCELL: IDTYPE=BYID? SRC3GNCELLID=,G9_Index,? NBR3GNCELLID=,nU21f3_Index,;,,,,,,{,BSC,},,,,,,,,,,,,,,,,,
,1,GSM,GSM,CREATE,RMV,GSM - RMV - G18 -> U21f2 - ADJ CELL,RMV - G18 -> U21f2,G18-1,U21-2,ADJ CELL,U09-1,U21-1,U09-1 U21-1,U21-1 U21-2,U09-1 U21-1 U21-2,U09-1 U21-2 U21-3,U21-1 U21-2 U21-3,U09-1 U21-1 U21-2 U21-3,U09-1 U21-1 L18-1,U09-1 U21-1 U21-2 L18-1,U09-1 U21-1 U21-2 U21-3 L18-1,,,,,,,,,, G3GNCELL: IDTYPE=BYID? SRC3GNCELLID=,G18_Index,? NBR3GNCELLID=,nU21f2_Index,;,,,,,,{,BSC,},,,,,,,,,,,,,,,,,
,1,GSM,GSM,CREATE,RMV,GSM - RMV - G18 -> U21f2 - CO SECTOR,RMV - G18 -> U21f2,G18-1,U21-2,CO SECTOR,U09-1,U21-1,U09-1 U21-1,U21-1 U21-2,U09-1 U21-1 U21-2,U09-1 U21-2 U21-3,U21-1 U21-2 U21-3,U09-1 U21-1 U21-2 U21-3,U09-1 U21-1 L18-1,U09-1 U21-1 U21-2 L18-1,U09-1 U21-1 U21-2 U21-3 L18-1,,,,,,,,,, G3GNCELL: IDTYPE=BYID? SRC3GNCELLID=,G18_Index,? NBR3GNCELLID=,nU21f2_Index,;,,,,,,{,BSC,},,,,,,,,,,,,,,,,,
,1,GSM,GSM,CREATE,RMV,GSM - RMV - G18 -> U21f3 - ADJ CELL,RMV - G18 -> U21f3,G18-1,U21-3,ADJ CELL,U09-1,U21-1,U09-1 U21-1,U21-1 U21-2,U09-1 U21-1 U21-2,U09-1 U21-2 U21-3,U21-1 U21-2 U21-3,U09-1 U21-1 U21-2 U21-3,U09-1 U21-1 L18-1,U09-1 U21-1 U21-2 L18-1,U09-1 U21-1 U21-2 U21-3 L18-1,,,,,,,,,, G3GNCELL: IDTYPE=BYID? SRC3GNCELLID=,G18_Index,? NBR3GNCELLID=,nU21f3_Index,;,,,,,,{,BSC,},,,,,,,,,,,,,,,,,
,1,GSM,GSM,CREATE,RMV,GSM - RMV - G18 -> U21f3 - CO SECTOR,RMV - G18 -> U21f3,G18-1,U21-3,CO SECTOR,U09-1,U21-1,U09-1 U21-1,U21-1 U21-2,U09-1 U21-1 U21-2,U09-1 U21-2 U21-3,U21-1 U21-2 U21-3,U09-1 U21-1 U21-2 U21-3,U09-1 U21-1 L18-1,U09-1 U21-1 U21-2 L18-1,U09-1 U21-1 U21-2 U21-3 L18-1,,,,,,,,,, G3GNCELL: IDTYPE=BYID? SRC3GNCELLID=,G18_Index,? NBR3GNCELLID=,nU21f3_Index,;,,,,,,{,BSC,},,,,,,,,,,,,,,,,,
,1,GSM,GSM,CREATE,ADD,GSM - G900 -> G900 - ADJ CELL,G900 -> G900,G09-1,G09-1,ADJ CELL,U09-1,U21-1,U09-1 U21-1,U21-1 U21-2,U09-1 U21-1 U21-2,U09-1 U21-2 U21-3,U21-1 U21-2 U21-3,U09-1 U21-1 U21-2 U21-3,U09-1 U21-1 L18-1,U09-1 U21-1 U21-2 L18-1,U09-1 U21-1 U21-2 U21-3 L18-1,,,,,,,,,, G2GNCELL: IDTYPE=BYID? SRC2GNCELLID=,G9_Index,? NBR2GNCELLID=,nG9_Index,;,,,,,,{,BSC,},,,,,,,,,,,,,,,,,
,1,GSM,GSM,CREATE,ADD,GSM - G900 -> G18 - CO SECTOR,G900 -> G18,G09-1,G18-1,CO SECTOR,U09-1,U21-1,U09-1 U21-1,U21-1 U21-2,U09-1 U21-1 U21-2,U09-1 U21-2 U21-3,U21-1 U21-2 U21-3,U09-1 U21-1 U21-2 U21-3,U09-1 U21-1 L18-1,U09-1 U21-1 U21-2 L18-1,U09-1 U21-1 U21-2 U21-3 L18-1,,,,,,,,,, G2GNCELL: IDTYPE=BYID? SRC2GNCELLID=,G9_Index,? NBR2GNCELLID=,nG18_Index,;,,,,,,{,BSC,},,,,,,,,,,,,,,,,,
,1,GSM,GSM,CREATE,ADD,GSM - G900 -> U900 - ADJ CELL,G900 -> U900,G09-1,U09-1,ADJ CELL,U09-1,U21-1,U09-1 U21-1,U21-1 U21-2,U09-1 U21-1 U21-2,U09-1 U21-2 U21-3,U21-1 U21-2 U21-3,U09-1 U21-1 U21-2 U21-3,U09-1 U21-1 L18-1,U09-1 U21-1 U21-2 L18-1,U09-1 U21-1 U21-2 U21-3 L18-1,,,,,,,,,, G3GNCELL: IDTYPE=BYID? SRC3GNCELLID=,G9_Index,? NBR3GNCELLID=,nU9_Index,;,,,,,,{,BSC,},,,,,,,,,,,,,,,,,
,1,GSM,GSM,CREATE,ADD,GSM - G900 -> U900 - CO SECTOR,G900 -> U900,G09-1,U09-1,CO SECTOR,U09-1,U21-1,U09-1 U21-1,U21-1 U21-2,U09-1 U21-1 U21-2,U09-1 U21-2 U21-3,U21-1 U21-2 U21-3,U09-1 U21-1 U21-2 U21-3,U09-1 U21-1 L18-1,U09-1 U21-1 U21-2 L18-1,U09-1 U21-1 U21-2 U21-3 L18-1,,,,,,,,,, G3GNCELL: IDTYPE=BYID? SRC3GNCELLID=,G9_Index,? NBR3GNCELLID=,nU9_Index,;,,,,,,{,BSC,},,,,,,,,,,,,,,,,,
,1,GSM,GSM,CREATE,RMV,GSM - G900 -> U21f1 - ADJ CELL,G900 -> U21f1,G09-1,U21-1,ADJ CELL,U09-1,U21-1,U09-1 U21-1,U21-1 U21-2,U09-1 U21-1 U21-2,U09-1 U21-2 U21-3,U21-1 U21-2 U21-3,U09-1 U21-1 U21-2 U21-3,U09-1 U21-1 L18-1,U09-1 U21-1 U21-2 L18-1,U09-1 U21-1 U21-2 U21-3 L18-1,,,,,,,,,, G3GNCELL: IDTYPE=BYID? SRC3GNCELLID=,G9_Index,? NBR3GNCELLID=,nU21f1_Index,;,,,,,,{,BSC,},,,,,,,,,,,,,,,,,
,1,GSM,GSM,CREATE,ADD,GSM - G900 -> U21f1 - CO SECTOR,G900 -> U21f1,G09-1,U21-1,CO SECTOR,U09-1,U21-1,U09-1 U21-1,U21-1 U21-2,U09-1 U21-1 U21-2,U09-1 U21-2 U21-3,U21-1 U21-2 U21-3,U09-1 U21-1 U21-2 U21-3,U09-1 U21-1 L18-1,U09-1 U21-1 U21-2 L18-1,U09-1 U21-1 U21-2 U21-3 L18-1,,,,,,,,,, G3GNCELL: IDTYPE=BYID? SRC3GNCELLID=,G9_Index,? NBR3GNCELLID=,nU21f1_Index,;,,,,,,{,BSC,},,,,,,,,,,,,,,,,,
,1,GSM,GSM,CREATE,ADD,GSM - G18 -> G18 - ADJ CELL,G18 -> G18,G18-1,G18-1,ADJ CELL,U09-1,U21-1,U09-1 U21-1,U21-1 U21-2,U09-1 U21-1 U21-2,U09-1 U21-2 U21-3,U21-1 U21-2 U21-3,U09-1 U21-1 U21-2 U21-3,U09-1 U21-1 L18-1,U09-1 U21-1 U21-2 L18-1,U09-1 U21-1 U21-2 U21-3 L18-1,,,,,,,,,, G2GNCELL: IDTYPE=BYID? SRC2GNCELLID=,G18_Index,? NBR2GNCELLID=,nG18_Index,;,,,,,,{,BSC,},,,,,,,,,,,,,,,,,
,1,GSM,GSM,CREATE,ADD,GSM - G18 -> G900 - CO SECTOR,G18 -> G900,G18-1,G09-1,CO SECTOR,U09-1,U21-1,U09-1 U21-1,U21-1 U21-2,U09-1 U21-1 U21-2,U09-1 U21-2 U21-3,U21-1 U21-2 U21-3,U09-1 U21-1 U21-2 U21-3,U09-1 U21-1 L18-1,U09-1 U21-1 U21-2 L18-1,U09-1 U21-1 U21-2 U21-3 L18-1,,,,,,,,,, G2GNCELL: IDTYPE=BYID? SRC2GNCELLID=,G18_Index,? NBR2GNCELLID=,nG9_Index,;,,,,,,{,BSC,},,,,,,,,,,,,,,,,,
,1,GSM,GSM,CREATE,ADD,GSM - G18 -> U900 - CO SECTOR,G18 -> U900,G18-1,U09-1,CO SECTOR,U09-1,U21-1,U09-1 U21-1,U21-1 U21-2,U09-1 U21-1 U21-2,U09-1 U21-2 U21-3,U21-1 U21-2 U21-3,U09-1 U21-1 U21-2 U21-3,U09-1 U21-1 L18-1,U09-1 U21-1 U21-2 L18-1,U09-1 U21-1 U21-2 U21-3 L18-1,,,,,,,,,, G3GNCELL: IDTYPE=BYID? SRC3GNCELLID=,G18_Index,? NBR3GNCELLID=,nU9_Index,;,,,,,,{,BSC,},,,,,,,,,,,,,,,,,
,1,GSM,GSM,CREATE,ADD,GSM - G18 -> U21f1 - CO SECTOR,G18 -> U21f1,G18-1,U21-1,CO SECTOR,U09-1,U21-1,U09-1 U21-1,U21-1 U21-2,U09-1 U21-1 U21-2,U09-1 U21-2 U21-3,U21-1 U21-2 U21-3,U09-1 U21-1 U21-2 U21-3,U09-1 U21-1 L18-1,U09-1 U21-1 U21-2 L18-1,U09-1 U21-1 U21-2 U21-3 L18-1,,,,,,,,,, G3GNCELL: IDTYPE=BYID? SRC3GNCELLID=,G18_Index,? NBR3GNCELLID=,nU21f1_Index,;,,,,,,{,BSC,},,,,,,,,,,,,,,,,,
,1,LTE,LTE,CREATE,ADD,LTE - L18 ExtDef - ADJ CELL,L18 ExtDef,L18-1,L18-1,ADJ CELL,U09-1,U21-1,U09-1 U21-1,U21-1 U21-2,U09-1 U21-1 U21-2,U09-1 U21-2 U21-3,U21-1 U21-2 U21-3,U09-1 U21-1 U21-2 U21-3,U09-1 U21-1 L18-1,U09-1 U21-1 U21-2 L18-1,U09-1 U21-1 U21-2 U21-3 L18-1,,,,,,,,,," EUTRANEXTERNALCELL: Mcc=""530""? Mnc=""24""? eNodeBId=",nL18_enodeB_ID,? CellId=,nL18_CID,? DlEarfcn=,nDlEarfcn,? PhyCellId=,nL18_PhyCellId,? Tac=,nL18_TAC,;{,L18_nodebName,},,,,,,,,,,,,,,,,,
,1,LTE,LTE,CREATE,ADD,LTE - L18 -> L18 - ADJ CELL,L18 -> L18,L18-1,L18-1,ADJ CELL,U09-1,U21-1,U09-1 U21-1,U21-1 U21-2,U09-1 U21-1 U21-2,U09-1 U21-2 U21-3,U21-1 U21-2 U21-3,U09-1 U21-1 U21-2 U21-3,U09-1 U21-1 L18-1,U09-1 U21-1 U21-2 L18-1,U09-1 U21-1 U21-2 U21-3 L18-1,,,,,,,,,, EUTRANINTRAFREQNCELL: LocalCellId=,L18_LocalCellID,"? Mcc=""530""? Mnc=""24""? eNodeBId=",nL18_enodeB_ID,? CellId=,nL18_CID,"? NoHoFlag=PERMIT_HO_ENUM? NoRmvFlag=FORBID_RMV_ENUM? LocalCellName=""",L18_cellName,"""? NeighbourCellName= """,nL18_cellName,""";{",L18_nodebName,},,,,,,,,,,,,,,,,,
,1,LTE,LTE,CREATE,ADD,LTE - U21 ExtDef - CO SECTOR,U21 ExtDef,L18-1,U21-1,CO SECTOR,U09-1,U21-1,U09-1 U21-1,U21-1 U21-2,U09-1 U21-1 U21-2,U09-1 U21-2 U21-3,U21-1 U21-2 U21-3,U09-1 U21-1 U21-2 U21-3,U09-1 U21-1 L18-1,U09-1 U21-1 U21-2 L18-1,U09-1 U21-1 U21-2 U21-3 L18-1,,,,,,,,,," UTRANEXTERNALCELL: MCC=""530""? MNC=""24""? RncId=",nRNC_ID,? CellId=,nU21f1_CID,? UtranDlArfcn=,nU21f1_DL_UARCFN,? UtranUlArfcnCfgInd=NOT_CFG? UtranFddTddType=UTRAN_FDD? RacCfgInd=CFG? Rac=,nU21f1_RAC,? PScrambCode=,nU21f1_SC,? Lac=,nU21f1_LAC,"? CellName=""",nU21f1_CellName,""";{",L18_nodebName,},,,,,,,,,,,,,
,1,LTE,LTE,CREATE,ADD,LTE - L18 -> U21 - CO SECTOR,L18 -> U21,L18-1,U21-1,CO SECTOR,U09-1,U21-1,U09-1 U21-1,U21-1 U21-2,U09-1 U21-1 U21-2,U09-1 U21-2 U21-3,U21-1 U21-2 U21-3,U09-1 U21-1 U21-2 U21-3,U09-1 U21-1 L18-1,U09-1 U21-1 U21-2 L18-1,U09-1 U21-1 U21-2 U21-3 L18-1,,,,,,,,,, UTRANNCELL: LocalCellId=,L18_LocalCellID,"? MCC=""530""? MNC=""24""? RncId=",nRNC_ID,? CellId=,nU21f1_CID,? BlindHoPriority=0;{,L18_nodebName,},,,,,,,,,,,,,,,,,,,,,
,1,LTE,LTE,CREATE,ADD,LTE - U21 ExtDef - ADJ CELL,U21 ExtDef,L18-1,U21-1,ADJ CELL,U09-1,U21-1,U09-1 U21-1,U21-1 U21-2,U09-1 U21-1 U21-2,U09-1 U21-2 U21-3,U21-1 U21-2 U21-3,U09-1 U21-1 U21-2 U21-3,U09-1 U21-1 L18-1,U09-1 U21-1 U21-2 L18-1,U09-1 U21-1 U21-2 U21-3 L18-1,,,,,,,,,," UTRANEXTERNALCELL: MCC=""530""? MNC=""24""? RncId=",nRNC_ID,? CellId=,nU21f1_CID,? UtranDlArfcn=,nU21f1_DL_UARCFN,? UtranUlArfcnCfgInd=NOT_CFG? UtranFddTddType=UTRAN_FDD? RacCfgInd=CFG? Rac=,nU21f1_RAC,? PScrambCode=,nU21f1_SC,? Lac=,nU21f1_LAC,"? CellName=""",nU21f1_CellName,""";{",L18_nodebName,},,,,,,,,,,,,,
,1,LTE,LTE,CREATE,ADD,LTE - L18 -> U21 - ADJ CELL,L18 -> U21,L18-1,U21-1,ADJ CELL,U09-1,U21-1,U09-1 U21-1,U21-1 U21-2,U09-1 U21-1 U21-2,U09-1 U21-2 U21-3,U21-1 U21-2 U21-3,U09-1 U21-1 U21-2 U21-3,U09-1 U21-1 L18-1,U09-1 U21-1 U21-2 L18-1,U09-1 U21-1 U21-2 U21-3 L18-1,,,,,,,,,, UTRANNCELL: LocalCellId=,L18_LocalCellID,"? MCC=""530""? MNC=""24""? RncId=",nRNC_ID,? CellId=,nU21f1_CID,? BlindHoPriority=0;{,L18_nodebName,},,,,,,,,,,,,,,,,,,,,,
,1,LTE,LTE,CREATE,ADD,LTE - U9 Extdef - ADJ CELL,U9 Extdef,L18-1,U09-1,ADJ CELL,U09-1,U21-1,U09-1 U21-1,U21-1 U21-2,U09-1 U21-1 U21-2,U09-1 U21-2 U21-3,U21-1 U21-2 U21-3,U09-1 U21-1 U21-2 U21-3,U09-1 U21-1 L18-1,U09-1 U21-1 U21-2 L18-1,U09-1 U21-1 U21-2 U21-3 L18-1,,,,,,,,,," UTRANEXTERNALCELL: MCC=""530""? MNC=""24""? RncId=",nRNC_ID,? CellId=,nU9_CID,? UtranDlArfcn=,nU9_DL_UARCFN,? UtranUlArfcnCfgInd=NOT_CFG? UtranFddTddType=UTRAN_FDD? RacCfgInd=CFG? Rac=,nU9_RAC,? PScrambCode=,nU9_SC,? Lac=,nU9_LAC,"? CellName=""",nU9_CellName,""";{",L18_nodebName,},,,,,,,,,,,,,
,1,LTE,LTE,CREATE,ADD,LTE - L18 -> U09 - ADJ CELL,L18 -> U09,L18-1,U09-1,ADJ CELL,U09-1,U21-1,U09-1 U21-1,U21-1 U21-2,U09-1 U21-1 U21-2,U09-1 U21-2 U21-3,U21-1 U21-2 U21-3,U09-1 U21-1 U21-2 U21-3,U09-1 U21-1 L18-1,U09-1 U21-1 U21-2 L18-1,U09-1 U21-1 U21-2 U21-3 L18-1,,,,,,,,,, UTRANNCELL: LocalCellId=,L18_LocalCellID,"? MCC=""530""? MNC=""24""? RncId=",nRNC_ID,? CellId=,nU9_CID,? BlindHoPriority=0;{,L18_nodebName,},,,,,,,,,,,,,,,,,,,,,
,1,LTE,LTE,CREATE,ADD,LTE - U9 Extdef - CO SECTOR,U9 Extdef,L18-1,U09-1,CO SECTOR,U09-1,U21-1,U09-1 U21-1,U21-1 U21-2,U09-1 U21-1 U21-2,U09-1 U21-2 U21-3,U21-1 U21-2 U21-3,U09-1 U21-1 U21-2 U21-3,U09-1 U21-1 L18-1,U09-1 U21-1 U21-2 L18-1,U09-1 U21-1 U21-2 U21-3 L18-1,,,,,,,,,," UTRANEXTERNALCELL: MCC=""530""? MNC=""24""? RncId=",nRNC_ID,? CellId=,nU9_CID,? UtranDlArfcn=,nU9_DL_UARCFN,? UtranUlArfcnCfgInd=NOT_CFG? UtranFddTddType=UTRAN_FDD? RacCfgInd=CFG? Rac=,nU9_RAC,? PScrambCode=,nU9_SC,? Lac=,nU9_LAC,"? CellName=""",nU9_CellName,""";{",L18_nodebName,},,,,,,,,,,,,,
,1,LTE,LTE,CREATE,ADD,LTE - L18 -> U09 - CO SECTOR,L18 -> U09,L18-1,U09-1,CO SECTOR,U09-1,U21-1,U09-1 U21-1,U21-1 U21-2,U09-1 U21-1 U21-2,U09-1 U21-2 U21-3,U21-1 U21-2 U21-3,U09-1 U21-1 U21-2 U21-3,U09-1 U21-1 L18-1,U09-1 U21-1 U21-2 L18-1,U09-1 U21-1 U21-2 U21-3 L18-1,,,,,,,,,, UTRANNCELL: LocalCellId=,L18_LocalCellID,"? MCC=""530""? MNC=""24""? RncId=",nRNC_ID,? CellId=,nU9_CID,? BlindHoPriority=20;{,L18_nodebName,},,,,,,,,,,,,,,,,,,,,,
,1,LTE,UMTS,IGNORE,ADD,UMTS - U9 -> L18 SIB SWITCH - neighbouring cell - ADJ CELL,U9 -> L18 SIB SWITCH,U09-1,L18-1,ADJ CELL,U09-1,U21-1,U09-1 U21-1,U21-1 U21-2,U09-1 U21-1 U21-2,U09-1 U21-2 U21-3,U21-1 U21-2 U21-3,U09-1 U21-1 U21-2 U21-3,U09-1 U21-1 L18-1,U09-1 U21-1 U21-2 L18-1,U09-1 U21-1 U21-2 U21-3 L18-1,,,,,,,,,, UCELLSIBSWITCH: CellId=,U9_CID,? SibCfgBitMap=SIB19-1;,,{,RNC,},,,,,,,,,,,,,,,,,,,,,,,
,1,LTE,UMTS,IGNORE,ADD,UMTS - U21-1 -> L18 SIB SWITCH - neighbouring cell - ADJ CELL,U21-1 -> L18 SIB SWITCH,U21-1,L18-1,ADJ CELL,U09-1,U21-1,U09-1 U21-1,U21-1 U21-2,U09-1 U21-1 U21-2,U09-1 U21-2 U21-3,U21-1 U21-2 U21-3,U09-1 U21-1 U21-2 U21-3,U09-1 U21-1 L18-1,U09-1 U21-1 U21-2 L18-1,U09-1 U21-1 U21-2 U21-3 L18-1,,,,,,,,,, UCELLSIBSWITCH: CellId=,U21f1_CID,? SibCfgBitMap=SIB19-1;,,{,RNC,},,,,,,,,,,,,,,,,,,,,,,,
,1,LTE,UMTS,IGNORE,ADD,UMTS - U21-2 -> L18 SIB SWITCH - neighbouring cell - ADJ CELL,U21-2 -> L18 SIB SWITCH,U21-2,L18-1,ADJ CELL,U09-1,U21-1,U09-1 U21-1,U21-1 U21-2,U09-1 U21-1 U21-2,U09-1 U21-2 U21-3,U21-1 U21-2 U21-3,U09-1 U21-1 U21-2 U21-3,U09-1 U21-1 L18-1,U09-1 U21-1 U21-2 L18-1,U09-1 U21-1 U21-2 U21-3 L18-1,,,,,,,,,, UCELLSIBSWITCH: CellId=,U21f2_CID,? SibCfgBitMap=SIB19-1;,,{,RNC,},,,,,,,,,,,,,,,,,,,,,,,
,1,LTE,UMTS,IGNORE,ADD,UMTS - U21-3 -> L18 SIB SWITCH - neighbouring cell - ADJ CELL,U21-3 -> L18 SIB SWITCH,U21-3,L18-1,ADJ CELL,U09-1,U21-1,U09-1 U21-1,U21-1 U21-2,U09-1 U21-1 U21-2,U09-1 U21-2 U21-3,U21-1 U21-2 U21-3,U09-1 U21-1 U21-2 U21-3,U09-1 U21-1 L18-1,U09-1 U21-1 U21-2 L18-1,U09-1 U21-1 U21-2 U21-3 L18-1,,,,,,,,,, UCELLSIBSWITCH: CellId=,U21f3_CID,? SibCfgBitMap=SIB19-1;,,{,RNC,},,,,,,,,,,,,,,,,,,,,,,,
,1,LTE,UMTS,CREATE,ADD,UMTS - U9 -> L18 SIB SWITCH - same cell - CO SECTOR,U9 -> L18 SIB SWITCH,U09-1,L18-1,CO SECTOR,U09-1,U21-1,U09-1 U21-1,U21-1 U21-2,U09-1 U21-1 U21-2,U09-1 U21-2 U21-3,U21-1 U21-2 U21-3,U09-1 U21-1 U21-2 U21-3,U09-1 U21-1 L18-1,U09-1 U21-1 U21-2 L18-1,U09-1 U21-1 U21-2 U21-3 L18-1,,,,,,,,,, UCELLSIBSWITCH: CellId=,U9_CID,? SibCfgBitMap=SIB19-1;,,{,RNC,},,,,,,,,,,,,,,,,,,,,,,,
,1,LTE,UMTS,CREATE,ADD,UMTS - U21-1 -> L18 SIB SWITCH - same cell - CO SECTOR,U21-1 -> L18 SIB SWITCH,U21-1,L18-1,CO SECTOR,U09-1,U21-1,U09-1 U21-1,U21-1 U21-2,U09-1 U21-1 U21-2,U09-1 U21-2 U21-3,U21-1 U21-2 U21-3,U09-1 U21-1 U21-2 U21-3,U09-1 U21-1 L18-1,U09-1 U21-1 U21-2 L18-1,U09-1 U21-1 U21-2 U21-3 L18-1,,,,,,,,,, UCELLSIBSWITCH: CellId=,U21f1_CID,? SibCfgBitMap=SIB19-1;,,{,RNC,},,,,,,,,,,,,,,,,,,,,,,,
,1,LTE,UMTS,CREATE,ADD,UMTS - U21-2 -> L18 SIB SWITCH - same cell - CO SECTOR,U21-2 -> L18 SIB SWITCH,U21-2,L18-1,CO SECTOR,U09-1,U21-1,U09-1 U21-1,U21-1 U21-2,U09-1 U21-1 U21-2,U09-1 U21-2 U21-3,U21-1 U21-2 U21-3,U09-1 U21-1 U21-2 U21-3,U09-1 U21-1 L18-1,U09-1 U21-1 U21-2 L18-1,U09-1 U21-1 U21-2 U21-3 L18-1,,,,,,,,,, UCELLSIBSWITCH: CellId=,U21f2_CID,? SibCfgBitMap=SIB19-1;,,{,RNC,},,,,,,,,,,,,,,,,,,,,,,,
,1,LTE,UMTS,CREATE,ADD,UMTS - U21-3 -> L18 SIB SWITCH - same cell - CO SECTOR,U21-3 -> L18 SIB SWITCH,U21-3,L18-1,CO SECTOR,U09-1,U21-1,U09-1 U21-1,U21-1 U21-2,U09-1 U21-1 U21-2,U09-1 U21-2 U21-3,U21-1 U21-2 U21-3,U09-1 U21-1 U21-2 U21-3,U09-1 U21-1 L18-1,U09-1 U21-1 U21-2 L18-1,U09-1 U21-1 U21-2 U21-3 L18-1,,,,,,,,,, UCELLSIBSWITCH: CellId=,U21f3_CID,? SibCfgBitMap=SIB19-1;,,{,RNC,},,,,,,,,,,,,,,,,,,,,,,,
,1,LTE,UMTS,IGNORE,MOD,UMTS MOD - U9 -> L18 SIB SWITCH - neighbouring cell - ADJ CELL,U9 -> L18 SIB SWITCH,U09-1,L18-1,ADJ CELL,U09-1,U21-1,U09-1 U21-1,U21-1 U21-2,U09-1 U21-1 U21-2,U09-1 U21-2 U21-3,U21-1 U21-2 U21-3,U09-1 U21-1 U21-2 U21-3,U09-1 U21-1 L18-1,U09-1 U21-1 U21-2 L18-1,U09-1 U21-1 U21-2 U21-3 L18-1,,,,,,,,,, UCELLSIBSWITCH: CellId=,U9_CID,? SibCfgBitMap=SIB19-1;,,{,RNC,},,,,,,,,,,,,,,,,,,,,,,,
,1,LTE,UMTS,IGNORE,MOD,UMTS MOD - U21-1 -> L18 SIB SWITCH - neighbouring cell - ADJ CELL,U21-1 -> L18 SIB SWITCH,U21-1,L18-1,ADJ CELL,U09-1,U21-1,U09-1 U21-1,U21-1 U21-2,U09-1 U21-1 U21-2,U09-1 U21-2 U21-3,U21-1 U21-2 U21-3,U09-1 U21-1 U21-2 U21-3,U09-1 U21-1 L18-1,U09-1 U21-1 U21-2 L18-1,U09-1 U21-1 U21-2 U21-3 L18-1,,,,,,,,,, UCELLSIBSWITCH: CellId=,U21f1_CID,? SibCfgBitMap=SIB19-1;,,{,RNC,},,,,,,,,,,,,,,,,,,,,,,,
,1,LTE,UMTS,IGNORE,MOD,UMTS MOD - U21-2 -> L18 SIB SWITCH - neighbouring cell - ADJ CELL,U21-2 -> L18 SIB SWITCH,U21-2,L18-1,ADJ CELL,U09-1,U21-1,U09-1 U21-1,U21-1 U21-2,U09-1 U21-1 U21-2,U09-1 U21-2 U21-3,U21-1 U21-2 U21-3,U09-1 U21-1 U21-2 U21-3,U09-1 U21-1 L18-1,U09-1 U21-1 U21-2 L18-1,U09-1 U21-1 U21-2 U21-3 L18-1,,,,,,,,,, UCELLSIBSWITCH: CellId=,U21f2_CID,? SibCfgBitMap=SIB19-1;,,{,RNC,},,,,,,,,,,,,,,,,,,,,,,,
,1,LTE,UMTS,IGNORE,MOD,UMTS MOD - U21-3 -> L18 SIB SWITCH - neighbouring cell - ADJ CELL,U21-3 -> L18 SIB SWITCH,U21-3,L18-1,ADJ CELL,U09-1,U21-1,U09-1 U21-1,U21-1 U21-2,U09-1 U21-1 U21-2,U09-1 U21-2 U21-3,U21-1 U21-2 U21-3,U09-1 U21-1 U21-2 U21-3,U09-1 U21-1 L18-1,U09-1 U21-1 U21-2 L18-1,U09-1 U21-1 U21-2 U21-3 L18-1,,,,,,,,,, UCELLSIBSWITCH: CellId=,U21f3_CID,? SibCfgBitMap=SIB19-1;,,{,RNC,},,,,,,,,,,,,,,,,,,,,,,,
,1,LTE,UMTS,CREATE,MOD,UMTS MOD - U9 -> L18 SIB SWITCH - same cell - CO SECTOR,U9 -> L18 SIB SWITCH,U09-1,L18-1,CO SECTOR,U09-1,U21-1,U09-1 U21-1,U21-1 U21-2,U09-1 U21-1 U21-2,U09-1 U21-2 U21-3,U21-1 U21-2 U21-3,U09-1 U21-1 U21-2 U21-3,U09-1 U21-1 L18-1,U09-1 U21-1 U21-2 L18-1,U09-1 U21-1 U21-2 U21-3 L18-1,,,,,,,,,, UCELLSIBSWITCH: CellId=,U9_CID,? SibCfgBitMap=SIB19-1;,,{,RNC,},,,,,,,,,,,,,,,,,,,,,,,
,1,LTE,UMTS,CREATE,MOD,UMTS MOD - U21-1 -> L18 SIB SWITCH - same cell - CO SECTOR,U21-1 -> L18 SIB SWITCH,U21-1,L18-1,CO SECTOR,U09-1,U21-1,U09-1 U21-1,U21-1 U21-2,U09-1 U21-1 U21-2,U09-1 U21-2 U21-3,U21-1 U21-2 U21-3,U09-1 U21-1 U21-2 U21-3,U09-1 U21-1 L18-1,U09-1 U21-1 U21-2 L18-1,U09-1 U21-1 U21-2 U21-3 L18-1,,,,,,,,,, UCELLSIBSWITCH: CellId=,U21f1_CID,? SibCfgBitMap=SIB19-1;,,{,RNC,},,,,,,,,,,,,,,,,,,,,,,,
,1,LTE,UMTS,CREATE,MOD,UMTS MOD - U21-2 -> L18 SIB SWITCH - same cell - CO SECTOR,U21-2 -> L18 SIB SWITCH,U21-2,L18-1,CO SECTOR,U09-1,U21-1,U09-1 U21-1,U21-1 U21-2,U09-1 U21-1 U21-2,U09-1 U21-2 U21-3,U21-1 U21-2 U21-3,U09-1 U21-1 U21-2 U21-3,U09-1 U21-1 L18-1,U09-1 U21-1 U21-2 L18-1,U09-1 U21-1 U21-2 U21-3 L18-1,,,,,,,,,, UCELLSIBSWITCH: CellId=,U21f2_CID,? SibCfgBitMap=SIB19-1;,,{,RNC,},,,,,,,,,,,,,,,,,,,,,,,
,1,LTE,UMTS,CREATE,MOD,UMTS MOD - U21-3 -> L18 SIB SWITCH - same cell - CO SECTOR,U21-3 -> L18 SIB SWITCH,U21-3,L18-1,CO SECTOR,U09-1,U21-1,U09-1 U21-1,U21-1 U21-2,U09-1 U21-1 U21-2,U09-1 U21-2 U21-3,U21-1 U21-2 U21-3,U09-1 U21-1 U21-2 U21-3,U09-1 U21-1 L18-1,U09-1 U21-1 U21-2 L18-1,U09-1 U21-1 U21-2 U21-3 L18-1,,,,,,,,,, UCELLSIBSWITCH: CellId=,U21f3_CID,? SibCfgBitMap=SIB19-1;,,{,RNC,},,,,,,,,,,,,,,,,,,,,,,,
,1,LTE,UMTS,IGNORE,ADD,UMTS - U9 -> L18 UCELLNFREQPRIOINFO - neighbouring cell - ADJ CELL,U9 -> L18 UCELLNFREQPRIOINFO,U09-1,L18-1,ADJ CELL,U09-1,U21-1,U09-1 U21-1,U21-1 U21-2,U09-1 U21-1 U21-2,U09-1 U21-2 U21-3,U21-1 U21-2 U21-3,U09-1 U21-1 U21-2 U21-3,U09-1 U21-1 L18-1,U09-1 U21-1 U21-2 L18-1,U09-1 U21-1 U21-2 U21-3 L18-1,,,,,,,,,, UCELLNFREQPRIOINFO: CellId=,U9_CID,? EARFCN=1350? NPriority=6? ThdToHigh=8? EMeasBW=D100? EQrxlevmin=-64? EDetectInd=TRUE;,,{,RNC,},,,,,,,,,,,,,,,,,,,,,,,
,1,LTE,UMTS,IGNORE,ADD,UMTS - U21-1 -> L18 UCELLNFREQPRIOINFO - neighbouring cell - ADJ CELL,U21-1 -> L18 UCELLNFREQPRIOINFO,U21-1,L18-1,ADJ CELL,U09-1,U21-1,U09-1 U21-1,U21-1 U21-2,U09-1 U21-1 U21-2,U09-1 U21-2 U21-3,U21-1 U21-2 U21-3,U09-1 U21-1 U21-2 U21-3,U09-1 U21-1 L18-1,U09-1 U21-1 U21-2 L18-1,U09-1 U21-1 U21-2 U21-3 L18-1,,,,,,,,,, UCELLNFREQPRIOINFO: CellId=,U21f1_CID,? EARFCN=1350? NPriority=6? ThdToHigh=8? EMeasBW=D100? EQrxlevmin=-64? EDetectInd=TRUE;,,{,RNC,},,,,,,,,,,,,,,,,,,,,,,,
,1,LTE,UMTS,IGNORE,ADD,UMTS - U21-2 -> L18 UCELLNFREQPRIOINFO - neighbouring cell - ADJ CELL,U21-2 -> L18 UCELLNFREQPRIOINFO,U21-2,L18-1,ADJ CELL,U09-1,U21-1,U09-1 U21-1,U21-1 U21-2,U09-1 U21-1 U21-2,U09-1 U21-2 U21-3,U21-1 U21-2 U21-3,U09-1 U21-1 U21-2 U21-3,U09-1 U21-1 L18-1,U09-1 U21-1 U21-2 L18-1,U09-1 U21-1 U21-2 U21-3 L18-1,,,,,,,,,, UCELLNFREQPRIOINFO: CellId=,U21f2_CID,? EARFCN=1350? NPriority=6? ThdToHigh=8? EMeasBW=D100? EQrxlevmin=-64? EDetectInd=TRUE;,,{,RNC,},,,,,,,,,,,,,,,,,,,,,,,
,1,LTE,UMTS,IGNORE,ADD,UMTS - U21-3-> L18 UCELLNFREQPRIOINFO - neighbouring cell - ADJ CELL,U21-3-> L18 UCELLNFREQPRIOINFO,U21-3,L18-1,ADJ CELL,U09-1,U21-1,U09-1 U21-1,U21-1 U21-2,U09-1 U21-1 U21-2,U09-1 U21-2 U21-3,U21-1 U21-2 U21-3,U09-1 U21-1 U21-2 U21-3,U09-1 U21-1 L18-1,U09-1 U21-1 U21-2 L18-1,U09-1 U21-1 U21-2 U21-3 L18-1,,,,,,,,,, UCELLNFREQPRIOINFO: CellId=,U21f3_CID,? EARFCN=1350? NPriority=6? ThdToHigh=8? EMeasBW=D100? EQrxlevmin=-64? EDetectInd=TRUE;,,{,RNC,},,,,,,,,,,,,,,,,,,,,,,,
,1,LTE,UMTS,CREATE,ADD,UMTS - U9 -> L18 UCELLNFREQPRIOINFO - same cell - CO SECTOR,U9 -> L18 UCELLNFREQPRIOINFO,U09-1,L18-1,CO SECTOR,U09-1,U21-1,U09-1 U21-1,U21-1 U21-2,U09-1 U21-1 U21-2,U09-1 U21-2 U21-3,U21-1 U21-2 U21-3,U09-1 U21-1 U21-2 U21-3,U09-1 U21-1 L18-1,U09-1 U21-1 U21-2 L18-1,U09-1 U21-1 U21-2 U21-3 L18-1,,,,,,,,,, UCELLNFREQPRIOINFO: CellId=,U9_CID,? EARFCN=1350? NPriority=6? ThdToHigh=8? EMeasBW=D100? EQrxlevmin=-64? EDetectInd=TRUE;,,{,RNC,},,,,,,,,,,,,,,,,,,,,,,,
,1,LTE,UMTS,CREATE,ADD,UMTS - U21-1 -> L18 UCELLNFREQPRIOINFO - same cell - CO SECTOR,U21-1 -> L18 UCELLNFREQPRIOINFO,U21-1,L18-1,CO SECTOR,U09-1,U21-1,U09-1 U21-1,U21-1 U21-2,U09-1 U21-1 U21-2,U09-1 U21-2 U21-3,U21-1 U21-2 U21-3,U09-1 U21-1 U21-2 U21-3,U09-1 U21-1 L18-1,U09-1 U21-1 U21-2 L18-1,U09-1 U21-1 U21-2 U21-3 L18-1,,,,,,,,,, UCELLNFREQPRIOINFO: CellId=,U21f1_CID,? EARFCN=1350? NPriority=6? ThdToHigh=8? EMeasBW=D100? EQrxlevmin=-64? EDetectInd=TRUE;,,{,RNC,},,,,,,,,,,,,,,,,,,,,,,,
,1,LTE,UMTS,CREATE,ADD,UMTS - U21-2 -> L18 UCELLNFREQPRIOINFO - same cell - CO SECTOR,U21-2 -> L18 UCELLNFREQPRIOINFO,U21-2,L18-1,CO SECTOR,U09-1,U21-1,U09-1 U21-1,U21-1 U21-2,U09-1 U21-1 U21-2,U09-1 U21-2 U21-3,U21-1 U21-2 U21-3,U09-1 U21-1 U21-2 U21-3,U09-1 U21-1 L18-1,U09-1 U21-1 U21-2 L18-1,U09-1 U21-1 U21-2 U21-3 L18-1,,,,,,,,,, UCELLNFREQPRIOINFO: CellId=,U21f2_CID,? EARFCN=1350? NPriority=6? ThdToHigh=8? EMeasBW=D100? EQrxlevmin=-64? EDetectInd=TRUE;,,{,RNC,},,,,,,,,,,,,,,,,,,,,,,,
,1,LTE,UMTS,CREATE,ADD,UMTS - U21-3-> L18 UCELLNFREQPRIOINFO - same cell  - CO SECTOR,U21-3-> L18 UCELLNFREQPRIOINFO ,U21-3,L18-1,CO SECTOR,U09-1,U21-1,U09-1 U21-1,U21-1 U21-2,U09-1 U21-1 U21-2,U09-1 U21-2 U21-3,U21-1 U21-2 U21-3,U09-1 U21-1 U21-2 U21-3,U09-1 U21-1 L18-1,U09-1 U21-1 U21-2 L18-1,U09-1 U21-1 U21-2 U21-3 L18-1,,,,,,,,,, UCELLNFREQPRIOINFO: CellId=,U21f3_CID,? EARFCN=1350? NPriority=6? ThdToHigh=8? EMeasBW=D100? EQrxlevmin=-64? EDetectInd=TRUE;,,{,RNC,},,,,,,,,,,,,,,,,,,,,,,,
,1,LTE,UMTS,IGNORE,MOD,UMTS MOD - U9 -> L18 UCELLNFREQPRIOINFO - neighbouring cell - ADJ CELL,U9 -> L18 UCELLNFREQPRIOINFO,U09-1,L18-1,ADJ CELL,U09-1,U21-1,U09-1 U21-1,U21-1 U21-2,U09-1 U21-1 U21-2,U09-1 U21-2 U21-3,U21-1 U21-2 U21-3,U09-1 U21-1 U21-2 U21-3,U09-1 U21-1 L18-1,U09-1 U21-1 U21-2 L18-1,U09-1 U21-1 U21-2 U21-3 L18-1,,,,,,,,,, UCELLNFREQPRIOINFO: CellId=,U9_CID,? EARFCN=1350? NPriority=6? ThdToHigh=8? EMeasBW=D100? EQrxlevmin=-64? EDetectInd=TRUE;,,{,RNC,},,,,,,,,,,,,,,,,,,,,,,,
,1,LTE,UMTS,IGNORE,MOD,UMTS MOD - U21-1 -> L18 UCELLNFREQPRIOINFO - neighbouring cell - ADJ CELL,U21-1 -> L18 UCELLNFREQPRIOINFO,U21-1,L18-1,ADJ CELL,U09-1,U21-1,U09-1 U21-1,U21-1 U21-2,U09-1 U21-1 U21-2,U09-1 U21-2 U21-3,U21-1 U21-2 U21-3,U09-1 U21-1 U21-2 U21-3,U09-1 U21-1 L18-1,U09-1 U21-1 U21-2 L18-1,U09-1 U21-1 U21-2 U21-3 L18-1,,,,,,,,,, UCELLNFREQPRIOINFO: CellId=,U21f1_CID,? EARFCN=1350? NPriority=6? ThdToHigh=8? EMeasBW=D100? EQrxlevmin=-64? EDetectInd=TRUE;,,{,RNC,},,,,,,,,,,,,,,,,,,,,,,,
,1,LTE,UMTS,IGNORE,MOD,UMTS MOD - U21-2 -> L18 UCELLNFREQPRIOINFO - neighbouring cell - ADJ CELL,U21-2 -> L18 UCELLNFREQPRIOINFO,U21-2,L18-1,ADJ CELL,U09-1,U21-1,U09-1 U21-1,U21-1 U21-2,U09-1 U21-1 U21-2,U09-1 U21-2 U21-3,U21-1 U21-2 U21-3,U09-1 U21-1 U21-2 U21-3,U09-1 U21-1 L18-1,U09-1 U21-1 U21-2 L18-1,U09-1 U21-1 U21-2 U21-3 L18-1,,,,,,,,,, UCELLNFREQPRIOINFO: CellId=,U21f2_CID,? EARFCN=1350? NPriority=6? ThdToHigh=8? EMeasBW=D100? EQrxlevmin=-64? EDetectInd=TRUE;,,{,RNC,},,,,,,,,,,,,,,,,,,,,,,,
,1,LTE,UMTS,IGNORE,MOD,UMTS MOD - U21-3-> L18 UCELLNFREQPRIOINFO - neighbouring cell - ADJ CELL,U21-3-> L18 UCELLNFREQPRIOINFO,U21-3,L18-1,ADJ CELL,U09-1,U21-1,U09-1 U21-1,U21-1 U21-2,U09-1 U21-1 U21-2,U09-1 U21-2 U21-3,U21-1 U21-2 U21-3,U09-1 U21-1 U21-2 U21-3,U09-1 U21-1 L18-1,U09-1 U21-1 U21-2 L18-1,U09-1 U21-1 U21-2 U21-3 L18-1,,,,,,,,,, UCELLNFREQPRIOINFO: CellId=,U21f3_CID,? EARFCN=1350? NPriority=6? ThdToHigh=8? EMeasBW=D100? EQrxlevmin=-64? EDetectInd=TRUE;,,{,RNC,},,,,,,,,,,,,,,,,,,,,,,,
,1,LTE,UMTS,CREATE,MOD,UMTS MOD - U9 -> L18 UCELLNFREQPRIOINFO - same cell - CO SECTOR,U9 -> L18 UCELLNFREQPRIOINFO,U09-1,L18-1,CO SECTOR,U09-1,U21-1,U09-1 U21-1,U21-1 U21-2,U09-1 U21-1 U21-2,U09-1 U21-2 U21-3,U21-1 U21-2 U21-3,U09-1 U21-1 U21-2 U21-3,U09-1 U21-1 L18-1,U09-1 U21-1 U21-2 L18-1,U09-1 U21-1 U21-2 U21-3 L18-1,,,,,,,,,, UCELLNFREQPRIOINFO: CellId=,U9_CID,? EARFCN=1350? NPriority=6? ThdToHigh=8? EMeasBW=D100? EQrxlevmin=-64? EDetectInd=TRUE;,,{,RNC,},,,,,,,,,,,,,,,,,,,,,,,
,1,LTE,UMTS,CREATE,MOD,UMTS MOD - U21-1 -> L18 UCELLNFREQPRIOINFO - same cell - CO SECTOR,U21-1 -> L18 UCELLNFREQPRIOINFO,U21-1,L18-1,CO SECTOR,U09-1,U21-1,U09-1 U21-1,U21-1 U21-2,U09-1 U21-1 U21-2,U09-1 U21-2 U21-3,U21-1 U21-2 U21-3,U09-1 U21-1 U21-2 U21-3,U09-1 U21-1 L18-1,U09-1 U21-1 U21-2 L18-1,U09-1 U21-1 U21-2 U21-3 L18-1,,,,,,,,,, UCELLNFREQPRIOINFO: CellId=,U21f1_CID,? EARFCN=1350? NPriority=6? ThdToHigh=8? EMeasBW=D100? EQrxlevmin=-64? EDetectInd=TRUE;,,{,RNC,},,,,,,,,,,,,,,,,,,,,,,,
,1,LTE,UMTS,CREATE,MOD,UMTS MOD - U21-2 -> L18 UCELLNFREQPRIOINFO - same cell - CO SECTOR,U21-2 -> L18 UCELLNFREQPRIOINFO,U21-2,L18-1,CO SECTOR,U09-1,U21-1,U09-1 U21-1,U21-1 U21-2,U09-1 U21-1 U21-2,U09-1 U21-2 U21-3,U21-1 U21-2 U21-3,U09-1 U21-1 U21-2 U21-3,U09-1 U21-1 L18-1,U09-1 U21-1 U21-2 L18-1,U09-1 U21-1 U21-2 U21-3 L18-1,,,,,,,,,, UCELLNFREQPRIOINFO: CellId=,U21f2_CID,? EARFCN=1350? NPriority=6? ThdToHigh=8? EMeasBW=D100? EQrxlevmin=-64? EDetectInd=TRUE;,,{,RNC,},,,,,,,,,,,,,,,,,,,,,,,
,1,LTE,UMTS,CREATE,MOD,UMTS MOD - U21-3-> L18 UCELLNFREQPRIOINFO - same cell - CO SECTOR,U21-3-> L18 UCELLNFREQPRIOINFO,U21-3,L18-1,CO SECTOR,U09-1,U21-1,U09-1 U21-1,U21-1 U21-2,U09-1 U21-1 U21-2,U09-1 U21-2 U21-3,U21-1 U21-2 U21-3,U09-1 U21-1 U21-2 U21-3,U09-1 U21-1 L18-1,U09-1 U21-1 U21-2 L18-1,U09-1 U21-1 U21-2 U21-3 L18-1,,,,,,,,,, UCELLNFREQPRIOINFO: CellId=,U21f3_CID,? EARFCN=1350? NPriority=6? ThdToHigh=8? EMeasBW=D100? EQrxlevmin=-64? EDetectInd=TRUE;,,{,RNC,},,,,,,,,,,,,,,,,,,,,,,,
,1,LTE,UMTS,CREATE,ADD,UMTS - U09 -> L18 Same cell Fast Return - same cell - CO SECTOR,U09 -> L18 Same cell Fast Return,U09-1,L18-1,CO SECTOR,U09-1,U21-1,U09-1 U21-1,U21-1 U21-2,U09-1 U21-1 U21-2,U09-1 U21-2 U21-3,U21-1 U21-2 U21-3,U09-1 U21-1 U21-2 U21-3,U09-1 U21-1 L18-1,U09-1 U21-1 U21-2 L18-1,U09-1 U21-1 U21-2 U21-3 L18-1,,,,,,,,,, UCELLHOCOMM:CELLID =,U9_CID,? INTERFREQRATSWITCH = SIMINTERFREQRAT? COEXISTMEASTHDCHOICE = COEXIST_MEAS_THD_CHOICE_INTERFREQ? CSSERVICEHOSWITCH = ON? PSSERVICEHOSWITCH = ON? HSPATIMERLEN = 0? SPECUSERHYSTFOR2D = 6? SPECUSERCSTHD2DECN0 = -13? SPECUSERCSTHD2FECN0 = -10? SPECUSERCSTHD2DRSCP = -93? SPECUSERCSTHD2FRSCP = -90? MACROMICRO1APREMEASSWITCH = OFF? U2LBLINDREDIRSWITCH = OFF? FASTRETURNTOLTESWITCH = PERFENH_PS_FAST_RETURN_LTE_SWITCH-1&HO_UMTS_TO_LTE_FAST_RETURN_SWITCH-1;,,{,RNC,},,,,,,,,,,,,,,,,,,,,,,,
,1,LTE,UMTS,CREATE,ADD,UMTS - U21-1 -> L18 Same cell Fast Return - same cell - CO SECTOR,U21-1 -> L18 Same cell Fast Return,U21-1,L18-1,CO SECTOR,U09-1,U21-1,U09-1 U21-1,U21-1 U21-2,U09-1 U21-1 U21-2,U09-1 U21-2 U21-3,U21-1 U21-2 U21-3,U09-1 U21-1 U21-2 U21-3,U09-1 U21-1 L18-1,U09-1 U21-1 U21-2 L18-1,U09-1 U21-1 U21-2 U21-3 L18-1,,,,,,,,,, UCELLHOCOMM:CELLID =,U21f1_CID,? INTERFREQRATSWITCH = SIMINTERFREQRAT? COEXISTMEASTHDCHOICE = COEXIST_MEAS_THD_CHOICE_INTERFREQ? CSSERVICEHOSWITCH = ON? PSSERVICEHOSWITCH = ON? HSPATIMERLEN = 0? SPECUSERHYSTFOR2D = 6? SPECUSERCSTHD2DECN0 = -13? SPECUSERCSTHD2FECN0 = -10? SPECUSERCSTHD2DRSCP = -93? SPECUSERCSTHD2FRSCP = -90? MACROMICRO1APREMEASSWITCH = OFF? U2LBLINDREDIRSWITCH = OFF? FASTRETURNTOLTESWITCH = PERFENH_PS_FAST_RETURN_LTE_SWITCH-1&HO_UMTS_TO_LTE_FAST_RETURN_SWITCH-1;,,{,RNC,},,,,,,,,,,,,,,,,,,,,,,,
,1,LTE,UMTS,CREATE,ADD,UMTS - U21-2 -> L18 Same cell Fast Return - same cell - CO SECTOR,U21-2 -> L18 Same cell Fast Return,U21-2,L18-1,CO SECTOR,U09-1,U21-1,U09-1 U21-1,U21-1 U21-2,U09-1 U21-1 U21-2,U09-1 U21-2 U21-3,U21-1 U21-2 U21-3,U09-1 U21-1 U21-2 U21-3,U09-1 U21-1 L18-1,U09-1 U21-1 U21-2 L18-1,U09-1 U21-1 U21-2 U21-3 L18-1,,,,,,,,,, UCELLHOCOMM:CELLID =,U21f2_CID,? INTERFREQRATSWITCH = SIMINTERFREQRAT? COEXISTMEASTHDCHOICE = COEXIST_MEAS_THD_CHOICE_INTERFREQ? CSSERVICEHOSWITCH = ON? PSSERVICEHOSWITCH = ON? HSPATIMERLEN = 0? SPECUSERHYSTFOR2D = 6? SPECUSERCSTHD2DECN0 = -13? SPECUSERCSTHD2FECN0 = -10? SPECUSERCSTHD2DRSCP = -93? SPECUSERCSTHD2FRSCP = -90? MACROMICRO1APREMEASSWITCH = OFF? U2LBLINDREDIRSWITCH = OFF? FASTRETURNTOLTESWITCH = PERFENH_PS_FAST_RETURN_LTE_SWITCH-1&HO_UMTS_TO_LTE_FAST_RETURN_SWITCH-1;,,{,RNC,},,,,,,,,,,,,,,,,,,,,,,,
,1,LTE,UMTS,CREATE,ADD,UMTS - U21-3 -> L18 Same cell Fast Return - same cell - CO SECTOR,U21-3 -> L18 Same cell Fast Return,U21-3,L18-1,CO SECTOR,U09-1,U21-1,U09-1 U21-1,U21-1 U21-2,U09-1 U21-1 U21-2,U09-1 U21-2 U21-3,U21-1 U21-2 U21-3,U09-1 U21-1 U21-2 U21-3,U09-1 U21-1 L18-1,U09-1 U21-1 U21-2 L18-1,U09-1 U21-1 U21-2 U21-3 L18-1,,,,,,,,,, UCELLHOCOMM:CELLID =,U21f3_CID,? INTERFREQRATSWITCH = SIMINTERFREQRAT? COEXISTMEASTHDCHOICE = COEXIST_MEAS_THD_CHOICE_INTERFREQ? CSSERVICEHOSWITCH = ON? PSSERVICEHOSWITCH = ON? HSPATIMERLEN = 0? SPECUSERHYSTFOR2D = 6? SPECUSERCSTHD2DECN0 = -13? SPECUSERCSTHD2FECN0 = -10? SPECUSERCSTHD2DRSCP = -93? SPECUSERCSTHD2FRSCP = -90? MACROMICRO1APREMEASSWITCH = OFF? U2LBLINDREDIRSWITCH = OFF? FASTRETURNTOLTESWITCH = PERFENH_PS_FAST_RETURN_LTE_SWITCH-1&HO_UMTS_TO_LTE_FAST_RETURN_SWITCH-1;,,{,RNC,},,,,,,,,,,,,,,,,,,,,,,,
,1,LTE,UMTS,IGNORE,ADD,UMTS - U09 -> L18 Same cell Fast Return - neighbouring cell - ADJ CELL,U09 -> L18 Same cell Fast Return,U09-1,L18-1,ADJ CELL,U09-1,U21-1,U09-1 U21-1,U21-1 U21-2,U09-1 U21-1 U21-2,U09-1 U21-2 U21-3,U21-1 U21-2 U21-3,U09-1 U21-1 U21-2 U21-3,U09-1 U21-1 L18-1,U09-1 U21-1 U21-2 L18-1,U09-1 U21-1 U21-2 U21-3 L18-1,,,,,,,,,, UCELLHOCOMM:CELLID =,U9_CID,? INTERFREQRATSWITCH = SIMINTERFREQRAT? COEXISTMEASTHDCHOICE = COEXIST_MEAS_THD_CHOICE_INTERFREQ? CSSERVICEHOSWITCH = ON? PSSERVICEHOSWITCH = ON? HSPATIMERLEN = 0? SPECUSERHYSTFOR2D = 6? SPECUSERCSTHD2DECN0 = -13? SPECUSERCSTHD2FECN0 = -10? SPECUSERCSTHD2DRSCP = -93? SPECUSERCSTHD2FRSCP = -90? MACROMICRO1APREMEASSWITCH = OFF? U2LBLINDREDIRSWITCH = OFF? FASTRETURNTOLTESWITCH = PERFENH_PS_FAST_RETURN_LTE_SWITCH-1&HO_UMTS_TO_LTE_FAST_RETURN_SWITCH-1;,,{,RNC,},,,,,,,,,,,,,,,,,,,,,,,
,1,LTE,UMTS,IGNORE,ADD,UMTS - U21-1 -> L18 Same cell Fast Return - neighbouring cell - ADJ CELL,U21-1 -> L18 Same cell Fast Return,U21-1,L18-1,ADJ CELL,U09-1,U21-1,U09-1 U21-1,U21-1 U21-2,U09-1 U21-1 U21-2,U09-1 U21-2 U21-3,U21-1 U21-2 U21-3,U09-1 U21-1 U21-2 U21-3,U09-1 U21-1 L18-1,U09-1 U21-1 U21-2 L18-1,U09-1 U21-1 U21-2 U21-3 L18-1,,,,,,,,,, UCELLHOCOMM:CELLID =,U21f1_CID,? INTERFREQRATSWITCH = SIMINTERFREQRAT? COEXISTMEASTHDCHOICE = COEXIST_MEAS_THD_CHOICE_INTERFREQ? CSSERVICEHOSWITCH = ON? PSSERVICEHOSWITCH = ON? HSPATIMERLEN = 0? SPECUSERHYSTFOR2D = 6? SPECUSERCSTHD2DECN0 = -13? SPECUSERCSTHD2FECN0 = -10? SPECUSERCSTHD2DRSCP = -93? SPECUSERCSTHD2FRSCP = -90? MACROMICRO1APREMEASSWITCH = OFF? U2LBLINDREDIRSWITCH = OFF? FASTRETURNTOLTESWITCH = PERFENH_PS_FAST_RETURN_LTE_SWITCH-1&HO_UMTS_TO_LTE_FAST_RETURN_SWITCH-1;,,{,RNC,},,,,,,,,,,,,,,,,,,,,,,,
,1,LTE,UMTS,IGNORE,ADD,UMTS - U21-2 -> L18 Same cell Fast Return - neighbouring cell - ADJ CELL,U21-2 -> L18 Same cell Fast Return,U21-2,L18-1,ADJ CELL,U09-1,U21-1,U09-1 U21-1,U21-1 U21-2,U09-1 U21-1 U21-2,U09-1 U21-2 U21-3,U21-1 U21-2 U21-3,U09-1 U21-1 U21-2 U21-3,U09-1 U21-1 L18-1,U09-1 U21-1 U21-2 L18-1,U09-1 U21-1 U21-2 U21-3 L18-1,,,,,,,,,, UCELLHOCOMM:CELLID =,U21f2_CID,? INTERFREQRATSWITCH = SIMINTERFREQRAT? COEXISTMEASTHDCHOICE = COEXIST_MEAS_THD_CHOICE_INTERFREQ? CSSERVICEHOSWITCH = ON? PSSERVICEHOSWITCH = ON? HSPATIMERLEN = 0? SPECUSERHYSTFOR2D = 6? SPECUSERCSTHD2DECN0 = -13? SPECUSERCSTHD2FECN0 = -10? SPECUSERCSTHD2DRSCP = -93? SPECUSERCSTHD2FRSCP = -90? MACROMICRO1APREMEASSWITCH = OFF? U2LBLINDREDIRSWITCH = OFF? FASTRETURNTOLTESWITCH = PERFENH_PS_FAST_RETURN_LTE_SWITCH-1&HO_UMTS_TO_LTE_FAST_RETURN_SWITCH-1;,,{,RNC,},,,,,,,,,,,,,,,,,,,,,,,
,1,LTE,UMTS,IGNORE,ADD,UMTS - U21-3 -> L18 Same cell Fast Return - neighbouring cell - ADJ CELL,U21-3 -> L18 Same cell Fast Return,U21-3,L18-1,ADJ CELL,U09-1,U21-1,U09-1 U21-1,U21-1 U21-2,U09-1 U21-1 U21-2,U09-1 U21-2 U21-3,U21-1 U21-2 U21-3,U09-1 U21-1 U21-2 U21-3,U09-1 U21-1 L18-1,U09-1 U21-1 U21-2 L18-1,U09-1 U21-1 U21-2 U21-3 L18-1,,,,,,,,,, UCELLHOCOMM:CELLID =,U21f3_CID,? INTERFREQRATSWITCH = SIMINTERFREQRAT? COEXISTMEASTHDCHOICE = COEXIST_MEAS_THD_CHOICE_INTERFREQ? CSSERVICEHOSWITCH = ON? PSSERVICEHOSWITCH = ON? HSPATIMERLEN = 0? SPECUSERHYSTFOR2D = 6? SPECUSERCSTHD2DECN0 = -13? SPECUSERCSTHD2FECN0 = -10? SPECUSERCSTHD2DRSCP = -93? SPECUSERCSTHD2FRSCP = -90? MACROMICRO1APREMEASSWITCH = OFF? U2LBLINDREDIRSWITCH = OFF? FASTRETURNTOLTESWITCH = PERFENH_PS_FAST_RETURN_LTE_SWITCH-1&HO_UMTS_TO_LTE_FAST_RETURN_SWITCH-1;,,{,RNC,},,,,,,,,,,,,,,,,,,,,,,,
,1,LTE,UMTS,CREATE,MOD,UMTS MOD - U09 -> L18 Same cell Fast Return - same cell - CO SECTOR,U09 -> L18 Same cell Fast Return,U09-1,L18-1,CO SECTOR,U09-1,U21-1,U09-1 U21-1,U21-1 U21-2,U09-1 U21-1 U21-2,U09-1 U21-2 U21-3,U21-1 U21-2 U21-3,U09-1 U21-1 U21-2 U21-3,U09-1 U21-1 L18-1,U09-1 U21-1 U21-2 L18-1,U09-1 U21-1 U21-2 U21-3 L18-1,,,,,,,,,, UCELLHOCOMM:CELLID =,U9_CID,? INTERFREQRATSWITCH = SIMINTERFREQRAT? COEXISTMEASTHDCHOICE = COEXIST_MEAS_THD_CHOICE_INTERFREQ? CSSERVICEHOSWITCH = ON? PSSERVICEHOSWITCH = ON? HSPATIMERLEN = 0? SPECUSERHYSTFOR2D = 6? SPECUSERCSTHD2DECN0 = -13? SPECUSERCSTHD2FECN0 = -10? SPECUSERCSTHD2DRSCP = -93? SPECUSERCSTHD2FRSCP = -90? MACROMICRO1APREMEASSWITCH = OFF? U2LBLINDREDIRSWITCH = OFF? FASTRETURNTOLTESWITCH = PERFENH_PS_FAST_RETURN_LTE_SWITCH-1&HO_UMTS_TO_LTE_FAST_RETURN_SWITCH-1;,,{,RNC,},,,,,,,,,,,,,,,,,,,,,,,
,1,LTE,UMTS,CREATE,MOD,UMTS MOD - U21-1 -> L18 Same cell Fast Return - same cell - CO SECTOR,U21-1 -> L18 Same cell Fast Return,U21-1,L18-1,CO SECTOR,U09-1,U21-1,U09-1 U21-1,U21-1 U21-2,U09-1 U21-1 U21-2,U09-1 U21-2 U21-3,U21-1 U21-2 U21-3,U09-1 U21-1 U21-2 U21-3,U09-1 U21-1 L18-1,U09-1 U21-1 U21-2 L18-1,U09-1 U21-1 U21-2 U21-3 L18-1,,,,,,,,,, UCELLHOCOMM:CELLID =,U21f1_CID,? INTERFREQRATSWITCH = SIMINTERFREQRAT? COEXISTMEASTHDCHOICE = COEXIST_MEAS_THD_CHOICE_INTERFREQ? CSSERVICEHOSWITCH = ON? PSSERVICEHOSWITCH = ON? HSPATIMERLEN = 0? SPECUSERHYSTFOR2D = 6? SPECUSERCSTHD2DECN0 = -13? SPECUSERCSTHD2FECN0 = -10? SPECUSERCSTHD2DRSCP = -93? SPECUSERCSTHD2FRSCP = -90? MACROMICRO1APREMEASSWITCH = OFF? U2LBLINDREDIRSWITCH = OFF? FASTRETURNTOLTESWITCH = PERFENH_PS_FAST_RETURN_LTE_SWITCH-1&HO_UMTS_TO_LTE_FAST_RETURN_SWITCH-1;,,{,RNC,},,,,,,,,,,,,,,,,,,,,,,,
,1,LTE,UMTS,CREATE,MOD,UMTS MOD - U21-2 -> L18 Same cell Fast Return - same cell - CO SECTOR,U21-2 -> L18 Same cell Fast Return,U21-2,L18-1,CO SECTOR,U09-1,U21-1,U09-1 U21-1,U21-1 U21-2,U09-1 U21-1 U21-2,U09-1 U21-2 U21-3,U21-1 U21-2 U21-3,U09-1 U21-1 U21-2 U21-3,U09-1 U21-1 L18-1,U09-1 U21-1 U21-2 L18-1,U09-1 U21-1 U21-2 U21-3 L18-1,,,,,,,,,, UCELLHOCOMM:CELLID =,U21f2_CID,? INTERFREQRATSWITCH = SIMINTERFREQRAT? COEXISTMEASTHDCHOICE = COEXIST_MEAS_THD_CHOICE_INTERFREQ? CSSERVICEHOSWITCH = ON? PSSERVICEHOSWITCH = ON? HSPATIMERLEN = 0? SPECUSERHYSTFOR2D = 6? SPECUSERCSTHD2DECN0 = -13? SPECUSERCSTHD2FECN0 = -10? SPECUSERCSTHD2DRSCP = -93? SPECUSERCSTHD2FRSCP = -90? MACROMICRO1APREMEASSWITCH = OFF? U2LBLINDREDIRSWITCH = OFF? FASTRETURNTOLTESWITCH = PERFENH_PS_FAST_RETURN_LTE_SWITCH-1&HO_UMTS_TO_LTE_FAST_RETURN_SWITCH-1;,,{,RNC,},,,,,,,,,,,,,,,,,,,,,,,
,1,LTE,UMTS,CREATE,MOD,UMTS MOD - U21-3 -> L18 Same cell Fast Return - same cell - CO SECTOR,U21-3 -> L18 Same cell Fast Return,U21-3,L18-1,CO SECTOR,U09-1,U21-1,U09-1 U21-1,U21-1 U21-2,U09-1 U21-1 U21-2,U09-1 U21-2 U21-3,U21-1 U21-2 U21-3,U09-1 U21-1 U21-2 U21-3,U09-1 U21-1 L18-1,U09-1 U21-1 U21-2 L18-1,U09-1 U21-1 U21-2 U21-3 L18-1,,,,,,,,,, UCELLHOCOMM:CELLID =,U21f3_CID,? INTERFREQRATSWITCH = SIMINTERFREQRAT? COEXISTMEASTHDCHOICE = COEXIST_MEAS_THD_CHOICE_INTERFREQ? CSSERVICEHOSWITCH = ON? PSSERVICEHOSWITCH = ON? HSPATIMERLEN = 0? SPECUSERHYSTFOR2D = 6? SPECUSERCSTHD2DECN0 = -13? SPECUSERCSTHD2FECN0 = -10? SPECUSERCSTHD2DRSCP = -93? SPECUSERCSTHD2FRSCP = -90? MACROMICRO1APREMEASSWITCH = OFF? U2LBLINDREDIRSWITCH = OFF? FASTRETURNTOLTESWITCH = PERFENH_PS_FAST_RETURN_LTE_SWITCH-1&HO_UMTS_TO_LTE_FAST_RETURN_SWITCH-1;,,{,RNC,},,,,,,,,,,,,,,,,,,,,,,,
,1,LTE,UMTS,IGNORE,MOD,UMTS MOD - U09 -> L18 Same cell Fast Return - neighbouring cell - ADJ CELL,U09 -> L18 Same cell Fast Return,U09-1,L18-1,ADJ CELL,U09-1,U21-1,U09-1 U21-1,U21-1 U21-2,U09-1 U21-1 U21-2,U09-1 U21-2 U21-3,U21-1 U21-2 U21-3,U09-1 U21-1 U21-2 U21-3,U09-1 U21-1 L18-1,U09-1 U21-1 U21-2 L18-1,U09-1 U21-1 U21-2 U21-3 L18-1,,,,,,,,,, UCELLHOCOMM:CELLID =,U9_CID,? INTERFREQRATSWITCH = SIMINTERFREQRAT? COEXISTMEASTHDCHOICE = COEXIST_MEAS_THD_CHOICE_INTERFREQ? CSSERVICEHOSWITCH = ON? PSSERVICEHOSWITCH = ON? HSPATIMERLEN = 0? SPECUSERHYSTFOR2D = 6? SPECUSERCSTHD2DECN0 = -13? SPECUSERCSTHD2FECN0 = -10? SPECUSERCSTHD2DRSCP = -93? SPECUSERCSTHD2FRSCP = -90? MACROMICRO1APREMEASSWITCH = OFF? U2LBLINDREDIRSWITCH = OFF? FASTRETURNTOLTESWITCH = PERFENH_PS_FAST_RETURN_LTE_SWITCH-1&HO_UMTS_TO_LTE_FAST_RETURN_SWITCH-1;,,{,RNC,},,,,,,,,,,,,,,,,,,,,,,,
,1,LTE,UMTS,IGNORE,MOD,UMTS MOD - U21-1 -> L18 Same cell Fast Return - neighbouring cell - ADJ CELL,U21-1 -> L18 Same cell Fast Return,U21-1,L18-1,ADJ CELL,U09-1,U21-1,U09-1 U21-1,U21-1 U21-2,U09-1 U21-1 U21-2,U09-1 U21-2 U21-3,U21-1 U21-2 U21-3,U09-1 U21-1 U21-2 U21-3,U09-1 U21-1 L18-1,U09-1 U21-1 U21-2 L18-1,U09-1 U21-1 U21-2 U21-3 L18-1,,,,,,,,,, UCELLHOCOMM:CELLID =,U21f1_CID,? INTERFREQRATSWITCH = SIMINTERFREQRAT? COEXISTMEASTHDCHOICE = COEXIST_MEAS_THD_CHOICE_INTERFREQ? CSSERVICEHOSWITCH = ON? PSSERVICEHOSWITCH = ON? HSPATIMERLEN = 0? SPECUSERHYSTFOR2D = 6? SPECUSERCSTHD2DECN0 = -13? SPECUSERCSTHD2FECN0 = -10? SPECUSERCSTHD2DRSCP = -93? SPECUSERCSTHD2FRSCP = -90? MACROMICRO1APREMEASSWITCH = OFF? U2LBLINDREDIRSWITCH = OFF? FASTRETURNTOLTESWITCH = PERFENH_PS_FAST_RETURN_LTE_SWITCH-1&HO_UMTS_TO_LTE_FAST_RETURN_SWITCH-1;,,{,RNC,},,,,,,,,,,,,,,,,,,,,,,,
,1,LTE,UMTS,IGNORE,MOD,UMTS MOD - U21-2 -> L18 Same cell Fast Return - neighbouring cell - ADJ CELL,U21-2 -> L18 Same cell Fast Return,U21-2,L18-1,ADJ CELL,U09-1,U21-1,U09-1 U21-1,U21-1 U21-2,U09-1 U21-1 U21-2,U09-1 U21-2 U21-3,U21-1 U21-2 U21-3,U09-1 U21-1 U21-2 U21-3,U09-1 U21-1 L18-1,U09-1 U21-1 U21-2 L18-1,U09-1 U21-1 U21-2 U21-3 L18-1,,,,,,,,,, UCELLHOCOMM:CELLID =,U21f2_CID,? INTERFREQRATSWITCH = SIMINTERFREQRAT? COEXISTMEASTHDCHOICE = COEXIST_MEAS_THD_CHOICE_INTERFREQ? CSSERVICEHOSWITCH = ON? PSSERVICEHOSWITCH = ON? HSPATIMERLEN = 0? SPECUSERHYSTFOR2D = 6? SPECUSERCSTHD2DECN0 = -13? SPECUSERCSTHD2FECN0 = -10? SPECUSERCSTHD2DRSCP = -93? SPECUSERCSTHD2FRSCP = -90? MACROMICRO1APREMEASSWITCH = OFF? U2LBLINDREDIRSWITCH = OFF? FASTRETURNTOLTESWITCH = PERFENH_PS_FAST_RETURN_LTE_SWITCH-1&HO_UMTS_TO_LTE_FAST_RETURN_SWITCH-1;,,{,RNC,},,,,,,,,,,,,,,,,,,,,,,,
,1,LTE,UMTS,IGNORE,MOD,UMTS MOD - U21-3 -> L18 Same cell Fast Return - neighbouring cell - ADJ CELL,U21-3 -> L18 Same cell Fast Return,U21-3,L18-1,ADJ CELL,U09-1,U21-1,U09-1 U21-1,U21-1 U21-2,U09-1 U21-1 U21-2,U09-1 U21-2 U21-3,U21-1 U21-2 U21-3,U09-1 U21-1 U21-2 U21-3,U09-1 U21-1 L18-1,U09-1 U21-1 U21-2 L18-1,U09-1 U21-1 U21-2 U21-3 L18-1,,,,,,,,,, UCELLHOCOMM:CELLID =,U21f3_CID,? INTERFREQRATSWITCH = SIMINTERFREQRAT? COEXISTMEASTHDCHOICE = COEXIST_MEAS_THD_CHOICE_INTERFREQ? CSSERVICEHOSWITCH = ON? PSSERVICEHOSWITCH = ON? HSPATIMERLEN = 0? SPECUSERHYSTFOR2D = 6? SPECUSERCSTHD2DECN0 = -13? SPECUSERCSTHD2FECN0 = -10? SPECUSERCSTHD2DRSCP = -93? SPECUSERCSTHD2FRSCP = -90? MACROMICRO1APREMEASSWITCH = OFF? U2LBLINDREDIRSWITCH = OFF? FASTRETURNTOLTESWITCH = PERFENH_PS_FAST_RETURN_LTE_SWITCH-1&HO_UMTS_TO_LTE_FAST_RETURN_SWITCH-1;,,{,RNC,},,,,,,,,,,,,,,,,,,,,,,,
