060-HNBY-U09-1-1,060-DALL-U09-1-3
060-HNBY-U09-1-1,060-MRHU-U09-1-2
060-HNBY-U09-1-1,060-HOON-U09-1-1
060-HNBY-U09-1-1,060-HOON-U09-1-2
060-HNBY-U09-1-2,060-ESTG-U09-1-2
060-HNBY-U09-1-2,060-AVON-U09-1-2
060-HNBY-U09-1-2,060-ESTG-U09-1-3
060-HNBY-U09-1-2,060-AVON-U09-1-3
060-HNBY-U09-1-2,060-MRHU-U09-1-2
060-HNBY-U09-1-3,060-AVON-U09-1-2
060-HNBY-U09-1-3,060-FITZ-U09-1-3
060-HNBY-U09-1-3,060-FITZ-U09-1-2
060-HNBY-U09-1-3,060-ESTG-U09-1-3
060-HNBY-U09-1-3,060-ESTG-U09-1-2
060-HNBY-U09-1-3,060-MTPT-U09-1-3
060-WRKI-U09-1-2,060-LTTN-U09-1-3
060-WRKI-U09-1-2,060-CASE-U09-1-3
060-WRKI-U09-1-2,060-DHBR-U09-1-3
060-RCTN-U09-1-1,060-SMNR-U09-1-1
060-RCTN-U09-1-1,060-MTPT-U09-1-3
060-RCTN-U09-1-1,060-HEAT-U09-1-3
060-RCTN-U09-1-2,060-STAL-U09-1-1
060-RCTN-U09-1-2,060-AVON-U09-1-3
060-RCTN-U09-1-2,060-ESTG-U09-1-1
060-RCTN-U09-1-2,060-ESTG-U09-1-3
060-RCTN-U09-1-3,060-ESTG-U09-1-1
060-RCTN-U09-1-3,060-ESTG-U09-1-3
060-RCTN-U09-1-3,060-ESTG-U09-1-2
060-RCTN-U09-1-3,060-FITZ-U09-1-2
060-TWRJ-U09-1-1,060-HNBY-U09-1-2
060-TWRJ-U09-1-1,060-DALL-U09-1-3
060-TWRJ-U09-1-1,060-RCTN-U09-1-3
060-TWRJ-U09-1-1,060-FEND-U09-1-1
060-TWRJ-U09-1-1,060-HMTN-U09-1-1
060-TWRJ-U09-1-1,060-AVON-U09-1-1
060-TWRJ-U09-1-1,060-AVON-U09-1-2
060-TWRJ-U09-1-1,060-AVON-U09-1-3
060-TWRJ-U09-1-2,060-HNBY-U09-1-3
060-TWRJ-U09-1-2,060-CAIR-U09-1-2
060-TWRJ-U09-1-2,060-WRKI-U09-1-2
060-TWRJ-U09-1-2,060-BRNT-U09-1-2
060-TWRJ-U09-1-2,060-PPNI-U09-1-2
060-TWRJ-U09-1-2,060-STAL-U09-1-1
060-TWRJ-U09-1-2,060-DALL-U09-1-3
060-TWRJ-U09-1-3,060-HNBY-U09-1-2
060-TWRJ-U09-1-3,060-FITZ-U09-1-1
060-TWRJ-U09-1-3,060-FITZ-U09-1-2
060-TWRJ-U09-1-3,060-FITZ-U09-1-3
060-TWRJ-U09-1-3,060-ESTG-U09-1-3
060-TWRJ-U09-1-3,060-ESTG-U09-1-2
060-STAL-U09-1-3,060-TWRJ-U09-1-3
060-STAL-U09-1-3,060-RCTN-U09-1-1
060-STAL-U09-1-3,060-FITZ-U09-1-3
060-STAL-U09-1-1,060-RCTN-U09-1-2
060-STAL-U09-1-1,060-TWRJ-U09-1-2
060-STAL-U09-1-1,060-SMNR-U09-1-1
060-SLBR-U09-1-1,060-CWTR-U09-1-1
060-SLBR-U09-1-1,060-MARS-U09-1-3
060-MRHU-U09-1-2,060-SPVL-U09-1-3
060-MRHU-U09-1-2,060-HNBY-U09-1-1
060-MRHU-U09-1-2,060-HNBY-U09-1-2
060-DALL-U09-1-2,060-SPVL-U09-1-2
060-DALL-U09-1-2,060-SPVL-U09-1-3
060-DALL-U09-1-2,060-LTTN-U09-1-1
060-DALL-U09-1-2,060-LTTN-U09-1-2
060-AVON-U09-1-1,060-RCTN-U09-1-1
060-AVON-U09-1-1,060-TWRJ-U09-1-1
060-AVON-U09-1-2,060-NCTE-U09-1-2
060-AVON-U09-1-2,060-SPVL-U09-1-3
060-AVON-U09-1-2,060-HNBY-U09-1-2
060-AVON-U09-1-2,060-HNBY-U09-1-3
060-AVON-U09-1-3,060-ESTG-U09-1-2
060-AVON-U09-1-3,060-HNBY-U09-1-2
060-QEII-U09-1-2,060-HMTN-U09-1-1
060-WANN-U09-1-1,060-CUNI-U09-1-1
060-WANN-U09-1-1,060-SYDS-U09-1-1
060-WANN-U09-1-2,060-NBRT-U09-1-3
060-WANN-U09-1-2,060-NCTE-U09-1-2
060-WANN-U09-1-2,060-MRHU-U09-1-2
060-BROM-U09-1-2,060-SPVL-U09-1-3
060-BROM-U09-1-2,060-NTBH-U09-1-2
060-BROM-U09-1-2,060-BRWD-U09-1-2
060-BRMS-U09-1-2,060-SPVL-U09-1-2
060-BRMS-U09-1-2,060-SPVL-U09-1-3
060-ESTG-U09-1-1,060-RCTN-U09-1-1
060-ESTG-U09-1-1,060-RCTN-U09-1-2
060-ESTG-U09-1-1,060-RCTN-U09-1-3
060-ESTG-U09-1-1,060-TWRJ-U09-1-1
060-ESTG-U09-1-1,060-TWRJ-U09-1-2
060-ESTG-U09-1-2,060-HNBY-U09-1-2
060-ESTG-U09-1-2,060-RCTN-U09-1-1
060-ESTG-U09-1-2,060-RCTN-U09-1-3
060-ESTG-U09-1-2,060-TWRJ-U09-1-3
060-ESTG-U09-1-3,060-HNBY-U09-1-2
060-ESTG-U09-1-3,060-HNBY-U09-1-3
060-ESTG-U09-1-3,060-SPVL-U09-1-1
060-DALL-U09-1-3,060-HNBY-U09-1-1
060-MRHU-U09-1-2,060-HNBY-U09-1-1
060-HOON-U09-1-1,060-HNBY-U09-1-1
060-HOON-U09-1-2,060-HNBY-U09-1-1
060-ESTG-U09-1-2,060-HNBY-U09-1-2
060-AVON-U09-1-2,060-HNBY-U09-1-2
060-ESTG-U09-1-3,060-HNBY-U09-1-2
060-AVON-U09-1-3,060-HNBY-U09-1-2
060-MRHU-U09-1-2,060-HNBY-U09-1-2
060-AVON-U09-1-2,060-HNBY-U09-1-3
060-FITZ-U09-1-3,060-HNBY-U09-1-3
060-FITZ-U09-1-2,060-HNBY-U09-1-3
060-ESTG-U09-1-3,060-HNBY-U09-1-3
060-ESTG-U09-1-2,060-HNBY-U09-1-3
060-MTPT-U09-1-3,060-HNBY-U09-1-3
060-LTTN-U09-1-3,060-WRKI-U09-1-2
060-CASE-U09-1-3,060-WRKI-U09-1-2
060-DHBR-U09-1-3,060-WRKI-U09-1-2
060-SMNR-U09-1-1,060-RCTN-U09-1-1
060-MTPT-U09-1-3,060-RCTN-U09-1-1
060-HEAT-U09-1-3,060-RCTN-U09-1-1
060-STAL-U09-1-1,060-RCTN-U09-1-2
060-AVON-U09-1-3,060-RCTN-U09-1-2
060-ESTG-U09-1-1,060-RCTN-U09-1-2
060-ESTG-U09-1-3,060-RCTN-U09-1-2
060-ESTG-U09-1-1,060-RCTN-U09-1-3
060-ESTG-U09-1-3,060-RCTN-U09-1-3
060-ESTG-U09-1-2,060-RCTN-U09-1-3
060-FITZ-U09-1-2,060-RCTN-U09-1-3
060-HNBY-U09-1-2,060-TWRJ-U09-1-1
060-DALL-U09-1-3,060-TWRJ-U09-1-1
060-RCTN-U09-1-3,060-TWRJ-U09-1-1
060-FEND-U09-1-1,060-TWRJ-U09-1-1
060-HMTN-U09-1-1,060-TWRJ-U09-1-1
060-AVON-U09-1-1,060-TWRJ-U09-1-1
060-AVON-U09-1-2,060-TWRJ-U09-1-1
060-AVON-U09-1-3,060-TWRJ-U09-1-1
060-HNBY-U09-1-3,060-TWRJ-U09-1-2
060-CAIR-U09-1-2,060-TWRJ-U09-1-2
060-WRKI-U09-1-2,060-TWRJ-U09-1-2
060-BRNT-U09-1-2,060-TWRJ-U09-1-2
060-PPNI-U09-1-2,060-TWRJ-U09-1-2
060-STAL-U09-1-1,060-TWRJ-U09-1-2
060-DALL-U09-1-3,060-TWRJ-U09-1-2
060-HNBY-U09-1-2,060-TWRJ-U09-1-3
060-FITZ-U09-1-1,060-TWRJ-U09-1-3
060-FITZ-U09-1-2,060-TWRJ-U09-1-3
060-FITZ-U09-1-3,060-TWRJ-U09-1-3
060-ESTG-U09-1-3,060-TWRJ-U09-1-3
060-ESTG-U09-1-2,060-TWRJ-U09-1-3
060-TWRJ-U09-1-3,060-STAL-U09-1-3
060-RCTN-U09-1-1,060-STAL-U09-1-3
060-FITZ-U09-1-3,060-STAL-U09-1-3
060-RCTN-U09-1-2,060-STAL-U09-1-1
060-TWRJ-U09-1-2,060-STAL-U09-1-1
060-SMNR-U09-1-1,060-STAL-U09-1-1
060-CWTR-U09-1-1,060-SLBR-U09-1-1
060-MARS-U09-1-3,060-SLBR-U09-1-1
060-SPVL-U09-1-3,060-MRHU-U09-1-2
060-HNBY-U09-1-1,060-MRHU-U09-1-2
060-HNBY-U09-1-2,060-MRHU-U09-1-2
060-SPVL-U09-1-2,060-DALL-U09-1-2
060-SPVL-U09-1-3,060-DALL-U09-1-2
060-LTTN-U09-1-1,060-DALL-U09-1-2
060-LTTN-U09-1-2,060-DALL-U09-1-2
060-RCTN-U09-1-1,060-AVON-U09-1-1
060-TWRJ-U09-1-1,060-AVON-U09-1-1
060-NCTE-U09-1-2,060-AVON-U09-1-2
060-SPVL-U09-1-3,060-AVON-U09-1-2
060-HNBY-U09-1-2,060-AVON-U09-1-2
060-HNBY-U09-1-3,060-AVON-U09-1-2
060-ESTG-U09-1-2,060-AVON-U09-1-3
060-HNBY-U09-1-2,060-AVON-U09-1-3
060-HMTN-U09-1-1,060-QEII-U09-1-2
060-CUNI-U09-1-1,060-WANN-U09-1-1
060-SYDS-U09-1-1,060-WANN-U09-1-1
060-NBRT-U09-1-3,060-WANN-U09-1-2
060-NCTE-U09-1-2,060-WANN-U09-1-2
060-MRHU-U09-1-2,060-WANN-U09-1-2
060-SPVL-U09-1-3,060-BROM-U09-1-2
060-NTBH-U09-1-2,060-BROM-U09-1-2
060-BRWD-U09-1-2,060-BROM-U09-1-2
060-SPVL-U09-1-2,060-BRMS-U09-1-2
060-SPVL-U09-1-3,060-BRMS-U09-1-2
060-RCTN-U09-1-1,060-ESTG-U09-1-1
060-RCTN-U09-1-2,060-ESTG-U09-1-1
060-RCTN-U09-1-3,060-ESTG-U09-1-1
060-TWRJ-U09-1-1,060-ESTG-U09-1-1
060-TWRJ-U09-1-2,060-ESTG-U09-1-1
060-HNBY-U09-1-2,060-ESTG-U09-1-2
060-RCTN-U09-1-1,060-ESTG-U09-1-2
060-RCTN-U09-1-3,060-ESTG-U09-1-2
060-TWRJ-U09-1-3,060-ESTG-U09-1-2
060-HNBY-U09-1-2,060-ESTG-U09-1-3
060-HNBY-U09-1-3,060-ESTG-U09-1-3
060-SPVL-U09-1-1,060-ESTG-U09-1-3
