073-RVTN-U09-1-2,073-RVTN-U09-1-2
073-RVTN-U09-1-2,073-RVTN-U09-1-3
073-RVTN-U09-1-2,073-RVTN-U09-1-1
073-RVTN-U09-1-2,075-INSW-U09-1-1
073-RVTN-U09-1-2,075-INSW-U09-1-2
073-RVTN-U09-1-2,075-INSW-U09-1-3
073-RVTN-U09-1-2,075-INVC-U09-1-3
073-RVTN-U09-1-2,075-AVNL-U09-1-1
073-RVTN-U09-1-2,075-AVNL-U09-1-2
073-RVTN-U09-1-2,075-AVNL-U09-1-3
073-RVTN-U09-1-2,075-WAIK-U09-1-3
073-RVTN-U09-1-2,075-WAIK-U09-1-1
073-RVTN-U09-1-2,075-WAIK-U09-1-2
073-RVTN-U09-1-2,075-RICH-U09-1-3
073-RVTN-U09-1-2,075-RICH-U09-1-1
073-RVTN-U09-1-2,075-STRT-U09-1-3
073-RVTN-U09-1-2,075-HDLB-U09-1-2
073-RVTN-U09-1-2,075-HDLB-U09-1-3
073-RVTN-U09-1-2,075-INVS-U09-1-2
073-RVTN-U09-1-2,075-INVS-U09-1-3
073-RVTN-U09-1-2,075-WAIH-U09-1-3
073-RVTN-U09-1-1,073-RVTN-U09-1-1
073-RVTN-U09-1-1,073-RVTN-U09-1-2
073-RVTN-U09-1-1,073-RVTN-U09-1-3
073-RVTN-U09-1-1,075-INSW-U09-1-1
073-RVTN-U09-1-1,075-INSW-U09-1-2
073-RVTN-U09-1-1,075-INSW-U09-1-3
073-RVTN-U09-1-1,075-INVC-U09-1-3
073-RVTN-U09-1-1,075-AVNL-U09-1-1
073-RVTN-U09-1-1,075-AVNL-U09-1-2
073-RVTN-U09-1-1,075-AVNL-U09-1-3
073-RVTN-U09-1-1,075-WAIK-U09-1-3
073-RVTN-U09-1-1,075-WAIK-U09-1-1
073-RVTN-U09-1-1,075-WAIK-U09-1-2
073-RVTN-U09-1-1,075-RICH-U09-1-3
073-RVTN-U09-1-1,075-RICH-U09-1-1
073-RVTN-U09-1-1,075-STRT-U09-1-3
073-RVTN-U09-1-1,075-HDLB-U09-1-3
073-RVTN-U09-1-1,075-INVS-U09-1-3
073-RVTN-U09-1-1,075-WAIH-U09-1-3
073-RVTN-U09-1-3,073-RVTN-U09-1-2
073-RVTN-U09-1-3,073-RVTN-U09-1-3
073-RVTN-U09-1-3,073-RVTN-U09-1-1
073-RVTN-U09-1-3,075-INSW-U09-1-1
073-RVTN-U09-1-3,075-INSW-U09-1-2
073-RVTN-U09-1-3,075-INSW-U09-1-3
073-RVTN-U09-1-3,075-INVC-U09-1-3
073-RVTN-U09-1-3,075-AVNL-U09-1-1
073-RVTN-U09-1-3,075-AVNL-U09-1-3
073-RVTN-U09-1-3,075-WAIK-U09-1-3
073-RVTN-U09-1-3,075-WAIK-U09-1-1
073-RVTN-U09-1-3,075-WAIK-U09-1-2
073-RVTN-U09-1-3,075-RICH-U09-1-3
075-INSW-U09-1-1,073-RVTN-U09-1-2
075-INSW-U09-1-2,073-RVTN-U09-1-2
075-INSW-U09-1-3,073-RVTN-U09-1-2
075-INVC-U09-1-3,073-RVTN-U09-1-2
075-AVNL-U09-1-1,073-RVTN-U09-1-2
075-AVNL-U09-1-2,073-RVTN-U09-1-2
075-AVNL-U09-1-3,073-RVTN-U09-1-2
075-WAIK-U09-1-3,073-RVTN-U09-1-2
075-WAIK-U09-1-1,073-RVTN-U09-1-2
075-WAIK-U09-1-2,073-RVTN-U09-1-2
075-RICH-U09-1-3,073-RVTN-U09-1-2
075-RICH-U09-1-1,073-RVTN-U09-1-2
075-STRT-U09-1-3,073-RVTN-U09-1-2
075-HDLB-U09-1-2,073-RVTN-U09-1-2
075-HDLB-U09-1-3,073-RVTN-U09-1-2
075-INVS-U09-1-2,073-RVTN-U09-1-2
075-INVS-U09-1-3,073-RVTN-U09-1-2
075-WAIH-U09-1-3,073-RVTN-U09-1-2
075-INSW-U09-1-1,073-RVTN-U09-1-1
075-INSW-U09-1-2,073-RVTN-U09-1-1
075-INSW-U09-1-3,073-RVTN-U09-1-1
075-INVC-U09-1-3,073-RVTN-U09-1-1
075-AVNL-U09-1-1,073-RVTN-U09-1-1
075-AVNL-U09-1-2,073-RVTN-U09-1-1
075-AVNL-U09-1-3,073-RVTN-U09-1-1
075-WAIK-U09-1-3,073-RVTN-U09-1-1
075-WAIK-U09-1-1,073-RVTN-U09-1-1
075-WAIK-U09-1-2,073-RVTN-U09-1-1
075-RICH-U09-1-3,073-RVTN-U09-1-1
075-RICH-U09-1-1,073-RVTN-U09-1-1
075-STRT-U09-1-3,073-RVTN-U09-1-1
075-HDLB-U09-1-3,073-RVTN-U09-1-1
075-INVS-U09-1-3,073-RVTN-U09-1-1
075-WAIH-U09-1-3,073-RVTN-U09-1-1
075-INSW-U09-1-1,073-RVTN-U09-1-3
075-INSW-U09-1-2,073-RVTN-U09-1-3
075-INSW-U09-1-3,073-RVTN-U09-1-3
075-INVC-U09-1-3,073-RVTN-U09-1-3
075-AVNL-U09-1-1,073-RVTN-U09-1-3
075-AVNL-U09-1-3,073-RVTN-U09-1-3
075-WAIK-U09-1-3,073-RVTN-U09-1-3
075-WAIK-U09-1-1,073-RVTN-U09-1-3
075-WAIK-U09-1-2,073-RVTN-U09-1-3
075-RICH-U09-1-3,073-RVTN-U09-1-3
