071-DNSD-U09-1-1,071-DUNN-U09-1-1
071-DNSD-U09-1-1,071-DUNN-U09-1-2
071-DNSD-U09-1-1,071-DUNN-U09-1-3
071-DNSD-U09-1-1,071-MAHL-U09-1-1
071-DNSD-U09-1-1,071-MAHL-U09-1-2
071-DNSD-U09-1-1,071-DNSD-U09-1-2
071-DNSD-U09-1-1,071-DNSD-U09-1-3
071-DNSD-U09-1-1,071-NEVA-U09-1-1
071-DNSD-U09-1-1,071-NEVA-U09-1-2
071-DNSD-U09-1-1,071-NEVA-U09-1-3
071-DNSD-U09-1-1,071-HLSB-U09-1-1
071-DNSD-U09-1-1,071-MNGT-U09-1-1
071-DNSD-U09-1-1,071-BKVL-U09-1-1
071-DNSD-U09-1-1,071-KKRI-U09-1-1
071-DNSD-U09-1-1,071-KKRI-U09-1-2
071-DNSD-U09-1-1,071-MTCG-U09-1-2
071-DNSD-U09-1-1,071-DUNI-U09-1-1
071-DNSD-U09-1-1,071-DUNI-U09-1-2
071-DNSD-U09-1-1,071-DUNI-U09-1-3
071-DNSD-U09-1-1,071-CSBK-U09-1-1
071-DNSD-U09-1-1,071-CSBK-U09-1-3
071-DNSD-U09-1-1,071-DNST-U09-1-1
071-DNSD-U09-1-1,071-DNST-U09-1-2
071-DNSD-U09-1-1,071-DNNT-U09-1-1
071-DNSD-U09-1-1,071-DNNT-U09-1-2
071-DNSD-U09-1-1,071-DNNT-U09-1-3
071-DNSD-U09-1-1,071-MCBY-U09-1-3
071-DNSD-U09-1-1,071-STKL-U09-1-2
071-DNSD-U09-1-1,071-STKL-U09-1-3
071-DNSD-U09-1-1,071-MSBR-U09-1-2
071-DNSD-U09-1-2,071-DUNN-U09-1-2
071-DNSD-U09-1-2,071-MAHL-U09-1-2
071-DNSD-U09-1-2,071-DNSD-U09-1-1
071-DNSD-U09-1-2,071-DNSD-U09-1-3
071-DNSD-U09-1-2,071-NEVA-U09-1-2
071-DNSD-U09-1-2,071-HLSB-U09-1-1
071-DNSD-U09-1-2,071-MNGT-U09-1-1
071-DNSD-U09-1-2,071-ANBY-U09-1-1
071-DNSD-U09-1-2,071-ANBY-U09-1-3
071-DNSD-U09-1-2,071-CSTP-U09-1-1
071-DNSD-U09-1-2,071-CSTP-U09-1-2
071-DNSD-U09-1-2,071-KKRI-U09-1-1
071-DNSD-U09-1-2,071-KKRI-U09-1-2
071-DNSD-U09-1-2,071-MTCG-U09-1-1
071-DNSD-U09-1-2,071-MTCG-U09-1-2
071-DNSD-U09-1-2,071-PTCH-U09-1-3
071-DNSD-U09-1-2,071-DUNI-U09-1-1
071-DNSD-U09-1-2,071-DUNI-U09-1-2
071-DNSD-U09-1-2,071-DUNI-U09-1-3
071-DNSD-U09-1-2,071-CSBK-U09-1-1
071-DNSD-U09-1-2,071-DNST-U09-1-1
071-DNSD-U09-1-2,071-DNST-U09-1-2
071-DNSD-U09-1-2,071-DNNT-U09-1-1
071-DNSD-U09-1-2,071-DNNT-U09-1-2
071-DNSD-U09-1-2,071-DNNT-U09-1-3
071-DNSD-U09-1-2,071-MCBY-U09-1-1
071-DNSD-U09-1-2,071-MCBY-U09-1-2
071-DNSD-U09-1-2,071-MCBY-U09-1-3
071-DNSD-U09-1-2,071-STKL-U09-1-1
071-DNSD-U09-1-2,071-MSBR-U09-1-1
071-DNSD-U09-1-2,071-MSBR-U09-1-2
071-DNSD-U09-1-2,071-MSBR-U09-1-3
071-DNSD-U09-1-3,071-DUNN-U09-1-2
071-DNSD-U09-1-3,071-DUNN-U09-1-3
071-DNSD-U09-1-3,071-MAHL-U09-1-2
071-DNSD-U09-1-3,071-DNSD-U09-1-1
071-DNSD-U09-1-3,071-DNSD-U09-1-2
071-DNSD-U09-1-3,071-NEVA-U09-1-2
071-DNSD-U09-1-3,071-ANBY-U09-1-3
071-DNSD-U09-1-3,071-CSTP-U09-1-1
071-DNSD-U09-1-3,071-KKRI-U09-1-1
071-DNSD-U09-1-3,071-KKRI-U09-1-2
071-DNSD-U09-1-3,071-KKRI-U09-1-3
071-DNSD-U09-1-3,071-MTCG-U09-1-2
071-DNSD-U09-1-3,071-DUNI-U09-1-1
071-DNSD-U09-1-3,071-DUNI-U09-1-2
071-DNSD-U09-1-3,071-DUNI-U09-1-3
071-DNSD-U09-1-3,071-CSBK-U09-1-1
071-DNSD-U09-1-3,071-CSBK-U09-1-3
071-DNSD-U09-1-3,071-DNST-U09-1-1
071-DNSD-U09-1-3,071-DNST-U09-1-2
071-DNSD-U09-1-3,071-DNST-U09-1-3
071-DNSD-U09-1-3,071-DNNT-U09-1-1
071-DNSD-U09-1-3,071-DNNT-U09-1-2
071-DNSD-U09-1-3,071-DNNT-U09-1-3
071-DNSD-U09-1-3,071-MCBY-U09-1-3
071-DNSD-U09-1-3,071-STKL-U09-1-3
071-DNSD-U09-1-3,071-MSBR-U09-1-1
071-DNSD-U09-1-3,071-MSBR-U09-1-3
071-DUNN-U09-1-1,071-DNSD-U09-1-1
071-DUNN-U09-1-2,071-DNSD-U09-1-1
071-DUNN-U09-1-2,071-DNSD-U09-1-2
071-DUNN-U09-1-2,071-DNSD-U09-1-3
071-DUNN-U09-1-3,071-DNSD-U09-1-1
071-DUNN-U09-1-3,071-DNSD-U09-1-3
071-MAHL-U09-1-1,071-DNSD-U09-1-1
071-MAHL-U09-1-2,071-DNSD-U09-1-1
071-MAHL-U09-1-2,071-DNSD-U09-1-2
071-MAHL-U09-1-2,071-DNSD-U09-1-3
071-DNSD-U09-1-1,071-DNSD-U09-1-2
071-DNSD-U09-1-1,071-DNSD-U09-1-3
071-DNSD-U09-1-2,071-DNSD-U09-1-1
071-DNSD-U09-1-2,071-DNSD-U09-1-3
071-DNSD-U09-1-3,071-DNSD-U09-1-1
071-DNSD-U09-1-3,071-DNSD-U09-1-2
071-NEVA-U09-1-1,071-DNSD-U09-1-1
071-NEVA-U09-1-2,071-DNSD-U09-1-1
071-NEVA-U09-1-2,071-DNSD-U09-1-2
071-NEVA-U09-1-2,071-DNSD-U09-1-3
071-NEVA-U09-1-3,071-DNSD-U09-1-1
071-HLSB-U09-1-1,071-DNSD-U09-1-1
071-HLSB-U09-1-1,071-DNSD-U09-1-2
071-MNGT-U09-1-1,071-DNSD-U09-1-1
071-MNGT-U09-1-1,071-DNSD-U09-1-2
071-ANBY-U09-1-1,071-DNSD-U09-1-2
071-ANBY-U09-1-3,071-DNSD-U09-1-2
071-ANBY-U09-1-3,071-DNSD-U09-1-3
071-CSTP-U09-1-1,071-DNSD-U09-1-2
071-CSTP-U09-1-1,071-DNSD-U09-1-3
071-CSTP-U09-1-2,071-DNSD-U09-1-2
071-BKVL-U09-1-1,071-DNSD-U09-1-1
071-KKRI-U09-1-1,071-DNSD-U09-1-1
071-KKRI-U09-1-1,071-DNSD-U09-1-2
071-KKRI-U09-1-1,071-DNSD-U09-1-3
071-KKRI-U09-1-2,071-DNSD-U09-1-1
071-KKRI-U09-1-2,071-DNSD-U09-1-2
071-KKRI-U09-1-2,071-DNSD-U09-1-3
071-KKRI-U09-1-3,071-DNSD-U09-1-3
071-MTCG-U09-1-1,071-DNSD-U09-1-2
071-MTCG-U09-1-2,071-DNSD-U09-1-1
071-MTCG-U09-1-2,071-DNSD-U09-1-2
071-MTCG-U09-1-2,071-DNSD-U09-1-3
071-PTCH-U09-1-3,071-DNSD-U09-1-2
071-DUNI-U09-1-1,071-DNSD-U09-1-1
071-DUNI-U09-1-1,071-DNSD-U09-1-2
071-DUNI-U09-1-1,071-DNSD-U09-1-3
071-DUNI-U09-1-2,071-DNSD-U09-1-1
071-DUNI-U09-1-2,071-DNSD-U09-1-2
071-DUNI-U09-1-2,071-DNSD-U09-1-3
071-DUNI-U09-1-3,071-DNSD-U09-1-1
071-DUNI-U09-1-3,071-DNSD-U09-1-2
071-DUNI-U09-1-3,071-DNSD-U09-1-3
071-CSBK-U09-1-1,071-DNSD-U09-1-1
071-CSBK-U09-1-1,071-DNSD-U09-1-2
071-CSBK-U09-1-1,071-DNSD-U09-1-3
071-CSBK-U09-1-3,071-DNSD-U09-1-1
071-CSBK-U09-1-3,071-DNSD-U09-1-3
071-DNST-U09-1-1,071-DNSD-U09-1-1
071-DNST-U09-1-1,071-DNSD-U09-1-2
071-DNST-U09-1-1,071-DNSD-U09-1-3
071-DNST-U09-1-2,071-DNSD-U09-1-1
071-DNST-U09-1-2,071-DNSD-U09-1-2
071-DNST-U09-1-2,071-DNSD-U09-1-3
071-DNST-U09-1-3,071-DNSD-U09-1-3
071-DNNT-U09-1-1,071-DNSD-U09-1-1
071-DNNT-U09-1-1,071-DNSD-U09-1-2
071-DNNT-U09-1-1,071-DNSD-U09-1-3
071-DNNT-U09-1-2,071-DNSD-U09-1-1
071-DNNT-U09-1-2,071-DNSD-U09-1-2
071-DNNT-U09-1-2,071-DNSD-U09-1-3
071-DNNT-U09-1-3,071-DNSD-U09-1-1
071-DNNT-U09-1-3,071-DNSD-U09-1-2
071-DNNT-U09-1-3,071-DNSD-U09-1-3
071-MCBY-U09-1-1,071-DNSD-U09-1-2
071-MCBY-U09-1-2,071-DNSD-U09-1-2
071-MCBY-U09-1-3,071-DNSD-U09-1-1
071-MCBY-U09-1-3,071-DNSD-U09-1-2
071-MCBY-U09-1-3,071-DNSD-U09-1-3
071-STKL-U09-1-1,071-DNSD-U09-1-2
071-STKL-U09-1-2,071-DNSD-U09-1-1
071-STKL-U09-1-3,071-DNSD-U09-1-1
071-STKL-U09-1-3,071-DNSD-U09-1-3
071-MSBR-U09-1-1,071-DNSD-U09-1-2
071-MSBR-U09-1-1,071-DNSD-U09-1-3
071-MSBR-U09-1-2,071-DNSD-U09-1-1
071-MSBR-U09-1-2,071-DNSD-U09-1-2
071-MSBR-U09-1-3,071-DNSD-U09-1-2
071-MSBR-U09-1-3,071-DNSD-U09-1-3
