058-LHFD-G09-1-1,058-AMBE-G09-1-1
058-LHFD-G09-1-2,058-AMBE-G09-1-1
058-LHFD-G09-1-3,058-AMBE-G09-1-1
058-LHFD-G09-1-1,058-AMBE-G09-1-2
058-LHFD-G09-1-2,058-AMBE-G09-1-2
058-LHFD-G09-1-3,058-AMBE-G09-1-2
058-LHFD-G09-1-1,058-AMBE-G09-1-3
058-LHFD-G09-1-2,058-AMBE-G09-1-3
058-LHFD-G09-1-3,058-AMBE-G09-1-3
058-AMBE-G09-1-1,058-LHFD-G09-1-1
058-AMBE-G09-1-1,058-LHFD-G09-1-2
058-AMBE-G09-1-1,058-LHFD-G09-1-3
058-AMBE-G09-1-2,058-LHFD-G09-1-1
058-AMBE-G09-1-2,058-LHFD-G09-1-2
058-AMBE-G09-1-2,058-LHFD-G09-1-3
058-AMBE-G09-1-3,058-LHFD-G09-1-1
058-AMBE-G09-1-3,058-LHFD-G09-1-2
058-AMBE-G09-1-3,058-LHFD-G09-1-3
058-LHFD-G09-1-1,059-WIKU-G09-1-1
058-LHFD-G09-1-2,059-WIKU-G09-1-1
058-LHFD-G09-1-3,059-WIKU-G09-1-1
058-LHFD-G09-1-1,059-WIKU-G09-1-2
058-LHFD-G09-1-2,059-WIKU-G09-1-2
058-LHFD-G09-1-3,059-WIKU-G09-1-2
058-LHFD-G09-1-1,059-WIKU-G09-1-3
058-LHFD-G09-1-2,059-WIKU-G09-1-3
058-LHFD-G09-1-3,059-WIKU-G09-1-3
059-WIKU-G09-1-1,058-LHFD-G09-1-1
059-WIKU-G09-1-1,058-LHFD-G09-1-2
059-WIKU-G09-1-1,058-LHFD-G09-1-3
059-WIKU-G09-1-2,058-LHFD-G09-1-1
059-WIKU-G09-1-2,058-LHFD-G09-1-2
059-WIKU-G09-1-2,058-LHFD-G09-1-3
059-WIKU-G09-1-3,058-LHFD-G09-1-1
059-WIKU-G09-1-3,058-LHFD-G09-1-2
059-WIKU-G09-1-3,058-LHFD-G09-1-3
058-LHFD-G09-1-1,058-WARP-G09-1-1
058-LHFD-G09-1-2,058-WARP-G09-1-1
058-LHFD-G09-1-3,058-WARP-G09-1-1
058-LHFD-G09-1-1,058-WARP-G09-1-2
058-LHFD-G09-1-2,058-WARP-G09-1-2
058-LHFD-G09-1-3,058-WARP-G09-1-2
058-LHFD-G09-1-1,058-WARP-G09-1-3
058-LHFD-G09-1-2,058-WARP-G09-1-3
058-LHFD-G09-1-3,058-WARP-G09-1-3
058-WARP-G09-1-1,058-LHFD-G09-1-1
058-WARP-G09-1-1,058-LHFD-G09-1-2
058-WARP-G09-1-1,058-LHFD-G09-1-3
058-WARP-G09-1-2,058-LHFD-G09-1-1
058-WARP-G09-1-2,058-LHFD-G09-1-2
058-WARP-G09-1-2,058-LHFD-G09-1-3
058-WARP-G09-1-3,058-LHFD-G09-1-1
058-WARP-G09-1-3,058-LHFD-G09-1-2
058-WARP-G09-1-3,058-LHFD-G09-1-3
