059-SWAN-G09-1-1,059-SWAN-G09-1-1
059-SWAN-G09-1-2,059-SWAN-G09-1-1
059-SWAN-G09-1-3,059-SWAN-G09-1-1
059-SWAN-G09-1-1,059-SWAN-G09-1-2
059-SWAN-G09-1-2,059-SWAN-G09-1-2
059-SWAN-G09-1-3,059-SWAN-G09-1-2
059-SWAN-G09-1-1,059-SWAN-G09-1-3
059-SWAN-G09-1-2,059-SWAN-G09-1-3
059-SWAN-G09-1-3,059-SWAN-G09-1-3
059-SWAN-G09-1-1,059-OHOK-G09-1-1
059-SWAN-G09-1-2,059-OHOK-G09-1-1
059-SWAN-G09-1-3,059-OHOK-G09-1-1
059-SWAN-G09-1-1,059-OHOK-G09-1-2
059-SWAN-G09-1-2,059-OHOK-G09-1-2
059-SWAN-G09-1-3,059-OHOK-G09-1-2
059-SWAN-G09-1-1,059-OHOK-G09-1-3
059-SWAN-G09-1-2,059-OHOK-G09-1-3
059-SWAN-G09-1-3,059-OHOK-G09-1-3
059-SWAN-G09-1-1,059-OXFO-G09-1-1
059-SWAN-G09-1-2,059-OXFO-G09-1-1
059-SWAN-G09-1-3,059-OXFO-G09-1-1
059-SWAN-G09-1-1,059-OXFO-G09-1-2
059-SWAN-G09-1-2,059-OXFO-G09-1-2
059-SWAN-G09-1-3,059-OXFO-G09-1-2
059-SWAN-G09-1-1,059-OXFO-G09-1-3
059-SWAN-G09-1-2,059-OXFO-G09-1-3
059-SWAN-G09-1-3,059-OXFO-G09-1-3
059-SWAN-G09-1-1,059-SBRK-G09-1-3
059-SWAN-G09-1-2,059-SBRK-G09-1-3
059-SWAN-G09-1-3,059-SBRK-G09-1-3
059-SWAN-G09-1-1,059-RANG-G09-1-1
059-SWAN-G09-1-2,062-WMLC-G09-1-1
059-SWAN-G09-1-3,062-WMLC-G09-1-1
059-SWAN-G09-1-3,062-SHEF-G09-1-1
059-OHOK-G09-1-1,059-SWAN-G09-1-1
059-OHOK-G09-1-1,059-SWAN-G09-1-2
059-OHOK-G09-1-1,059-SWAN-G09-1-3
059-OHOK-G09-1-2,059-SWAN-G09-1-1
059-OHOK-G09-1-2,059-SWAN-G09-1-2
059-OHOK-G09-1-2,059-SWAN-G09-1-3
059-OHOK-G09-1-3,059-SWAN-G09-1-1
059-OHOK-G09-1-3,059-SWAN-G09-1-2
059-OHOK-G09-1-3,059-SWAN-G09-1-3
059-OXFO-G09-1-1,059-SWAN-G09-1-1
059-OXFO-G09-1-1,059-SWAN-G09-1-2
059-OXFO-G09-1-1,059-SWAN-G09-1-3
059-OXFO-G09-1-2,059-SWAN-G09-1-1
059-OXFO-G09-1-2,059-SWAN-G09-1-2
059-OXFO-G09-1-2,059-SWAN-G09-1-3
059-OXFO-G09-1-3,059-SWAN-G09-1-1
059-OXFO-G09-1-3,059-SWAN-G09-1-2
059-OXFO-G09-1-3,059-SWAN-G09-1-3
059-SBRK-G09-1-3,059-SWAN-G09-1-1
059-SBRK-G09-1-3,059-SWAN-G09-1-2
059-SBRK-G09-1-3,059-SWAN-G09-1-3
059-RANG-G09-1-1,059-SWAN-G09-1-1
062-WMLC-G09-1-1,059-SWAN-G09-1-2
062-WMLC-G09-1-1,059-SWAN-G09-1-3
062-SHEF-G09-1-1,059-SWAN-G09-1-3
